Variation #,Tensors,Dim
0,"List[Tensor] tensors = [<[1, 1, 768]>, <[1, 49, 768]>]",int dim = 1
1,"List[Tensor] tensors = [<[1, 23, 40, 128]>, <[1, 23, 40, 128]>]",int dim = 3
2,"List[Tensor] tensors = [<[1, 1, 1]>, <[1, 1, 1]>]",int dim = -1
3,"List[Tensor] tensors = [<[1, 6, 1, 64]>, <[1, 6, 1, 64]>]",int dim = 2
4,"List[Tensor] tensors = [<[1, 1, s0]>, <[1, 1, 1]>]",int dim = -1
5,"List[Tensor] tensors = [<[1, 6, s0, 64]>, <[1, 6, 1, 64]>]",int dim = 2
6,"List[Tensor] tensors = [<[1, 1, 16]>, <[1, 1, 1]>]",int dim = -1
7,"List[Tensor] tensors = [<[1, 6, 16, 64]>, <[1, 6, 1, 64]>]",int dim = 2
8,"List[Tensor] tensors = [<[1, 1, s0 - 1]>, <[1, 1, 1]>]",int dim = -1
9,"List[Tensor] tensors = [<[1, 71, 7, 32]>, <[1, 71, 7, 32]>]",int dim = -1
10,"List[Tensor] tensors = [<[1, 1, 7, 32]>, <[1, 1, 7, 32]>]",int dim = -1
11,"List[Tensor] tensors = [<[1, 64, 30, 40]>, <[1, 64, 30, 40]>]",int dim = 1
12,"List[Tensor] tensors = [<[1, 64, 60, 80]>, <[1, 64, 60, 80]>]",int dim = 1
13,"List[Tensor] tensors = [<[1, 64, 120, 160]>, <[1, 64, 120, 160]>]",int dim = 1
14,"List[Tensor] tensors = [<[1, 45]>, <[1, 1]>]",int dim = -1
15,"List[Tensor] tensors = [<[1, 12, 45, 64]>, <[1, 12, 1, 64]>]",int dim = -2
16,"List[Tensor] tensors = [<[1, s24]>, <[1, 1]>]",int dim = -1
17,"List[Tensor] tensors = [<[1, 12, s10, 64]>, <[1, 12, 1, 64]>]",int dim = -2
18,"List[Tensor] tensors = [<[1, 14, 56, 56]>, <[1, 64, 56, 56]>]",int dim = 1
19,"List[Tensor] tensors = [<[1, 14, 56, 56]>, <[1, 24, 56, 56]>, <[1, 64, 56, 56]>]",int dim = 1
20,"List[Tensor] tensors = [<[1, 14, 56, 56]>, <[1, 40, 56, 56]>]",int dim = 1
21,"List[Tensor] tensors = [<[1, 14, 56, 56]>, <[1, 24, 56, 56]>, <[1, 40, 56, 56]>, <[1, 64, 56, 56]>]",int dim = 1
22,"List[Tensor] tensors = [<[1, 14, 56, 56]>, <[1, 14, 56, 56]>, <[1, 14, 56, 56]>, <[1, 14, 56, 56]>, <[1, 68, 56, 56]>]",int dim = 1
23,"List[Tensor] tensors = [<[1, 16, 28, 28]>, <[1, 128, 28, 28]>]",int dim = 1
24,"List[Tensor] tensors = [<[1, 16, 28, 28]>, <[1, 28, 28, 28]>, <[1, 128, 28, 28]>]",int dim = 1
25,"List[Tensor] tensors = [<[1, 16, 28, 28]>, <[1, 46, 28, 28]>]",int dim = 1
26,"List[Tensor] tensors = [<[1, 16, 28, 28]>, <[1, 28, 28, 28]>, <[1, 46, 28, 28]>, <[1, 128, 28, 28]>]",int dim = 1
27,"List[Tensor] tensors = [<[1, 16, 28, 28]>, <[1, 78, 28, 28]>]",int dim = 1
28,"List[Tensor] tensors = [<[1, 16, 28, 28]>, <[1, 28, 28, 28]>, <[1, 78, 28, 28]>]",int dim = 1
29,"List[Tensor] tensors = [<[1, 16, 28, 28]>, <[1, 28, 28, 28]>, <[1, 46, 28, 28]>, <[1, 78, 28, 28]>, <[1, 128, 28, 28]>]",int dim = 1
30,"List[Tensor] tensors = [<[1, 16, 28, 28]>, <[1, 16, 28, 28]>, <[1, 16, 28, 28]>, <[1, 16, 28, 28]>, <[1, 16, 28, 28]>, <[1, 16, 28, 28]>, <[1, 16, 28, 28]>, <[1, 16, 28, 28]>, <[1, 134, 28, 28]>]",int dim = 1
31,"List[Tensor] tensors = [<[1, 20, 28, 28]>, <[1, 256, 28, 28]>]",int dim = 1
32,"List[Tensor] tensors = [<[1, 20, 28, 28]>, <[1, 34, 28, 28]>, <[1, 256, 28, 28]>]",int dim = 1
33,"List[Tensor] tensors = [<[1, 20, 28, 28]>, <[1, 58, 28, 28]>]",int dim = 1
34,"List[Tensor] tensors = [<[1, 20, 28, 28]>, <[1, 34, 28, 28]>, <[1, 58, 28, 28]>, <[1, 256, 28, 28]>]",int dim = 1
35,"List[Tensor] tensors = [<[1, 20, 28, 28]>, <[1, 98, 28, 28]>]",int dim = 1
36,"List[Tensor] tensors = [<[1, 20, 28, 28]>, <[1, 34, 28, 28]>, <[1, 98, 28, 28]>]",int dim = 1
37,"List[Tensor] tensors = [<[1, 20, 28, 28]>, <[1, 34, 28, 28]>, <[1, 58, 28, 28]>, <[1, 98, 28, 28]>, <[1, 256, 28, 28]>]",int dim = 1
38,"List[Tensor] tensors = [<[1, 20, 28, 28]>, <[1, 20, 28, 28]>, <[1, 20, 28, 28]>, <[1, 20, 28, 28]>, <[1, 20, 28, 28]>, <[1, 20, 28, 28]>, <[1, 20, 28, 28]>, <[1, 20, 28, 28]>, <[1, 168, 28, 28]>]",int dim = 1
39,"List[Tensor] tensors = [<[1, 40, 14, 14]>, <[1, 320, 14, 14]>]",int dim = 1
40,"List[Tensor] tensors = [<[1, 40, 14, 14]>, <[1, 68, 14, 14]>, <[1, 320, 14, 14]>]",int dim = 1
41,"List[Tensor] tensors = [<[1, 40, 14, 14]>, <[1, 116, 14, 14]>]",int dim = 1
42,"List[Tensor] tensors = [<[1, 40, 14, 14]>, <[1, 68, 14, 14]>, <[1, 116, 14, 14]>, <[1, 320, 14, 14]>]",int dim = 1
43,"List[Tensor] tensors = [<[1, 40, 14, 14]>, <[1, 196, 14, 14]>]",int dim = 1
44,"List[Tensor] tensors = [<[1, 40, 14, 14]>, <[1, 68, 14, 14]>, <[1, 196, 14, 14]>]",int dim = 1
45,"List[Tensor] tensors = [<[1, 40, 14, 14]>, <[1, 68, 14, 14]>, <[1, 116, 14, 14]>, <[1, 196, 14, 14]>, <[1, 320, 14, 14]>]",int dim = 1
46,"List[Tensor] tensors = [<[1, 40, 14, 14]>, <[1, 40, 14, 14]>, <[1, 40, 14, 14]>, <[1, 40, 14, 14]>, <[1, 40, 14, 14]>, <[1, 40, 14, 14]>, <[1, 40, 14, 14]>, <[1, 40, 14, 14]>, <[1, 334, 14, 14]>]",int dim = 1
47,"List[Tensor] tensors = [<[1, 160, 7, 7]>, <[1, 640, 7, 7]>]",int dim = 1
48,"List[Tensor] tensors = [<[1, 160, 7, 7]>, <[1, 272, 7, 7]>, <[1, 640, 7, 7]>]",int dim = 1
49,"List[Tensor] tensors = [<[1, 160, 7, 7]>, <[1, 160, 7, 7]>, <[1, 462, 7, 7]>]",int dim = 1
50,"List[Tensor] tensors = [<[1, 2400, 4]>, <[1, 600, 4]>, <[1, 150, 4]>, <[1, 54, 4]>, <[1, 24, 4]>, <[1, 6, 4]>]",int dim = 1
51,"List[Tensor] tensors = [<[1, 2400, 91]>, <[1, 600, 91]>, <[1, 150, 91]>, <[1, 54, 91]>, <[1, 24, 91]>, <[1, 6, 91]>]",int dim = 1
52,"List[Tensor] tensors = [<[2400, 2]>, <[2400, 2]>]",int dim = 1
53,"List[Tensor] tensors = [<[600, 2]>, <[600, 2]>]",int dim = 1
54,"List[Tensor] tensors = [<[150, 2]>, <[150, 2]>]",int dim = 1
55,"List[Tensor] tensors = [<[54, 2]>, <[54, 2]>]",int dim = 1
56,"List[Tensor] tensors = [<[24, 2]>, <[24, 2]>]",int dim = 1
57,"List[Tensor] tensors = [<[6, 2]>, <[6, 2]>]",int dim = 1
58,"List[Tensor] tensors = [<[2400, 4]>, <[600, 4]>, <[150, 4]>, <[54, 4]>, <[24, 4]>, <[6, 4]>]",
59,"List[Tensor] tensors = [<[3234, 2]>, <[3234, 2]>]",int dim = -1
60,"List[Tensor] tensors = [<[1, 59]>, <[1, 1]>]",int dim = -1
61,"List[Tensor] tensors = [<[1, 16, 59, 64]>, <[1, 16, 1, 64]>]",int dim = 2
62,"List[Tensor] tensors = [<[1, s48]>, <[1, 1]>]",int dim = -1
63,"List[Tensor] tensors = [<[1, 16, s10, 64]>, <[1, 16, 1, 64]>]",int dim = 2
64,"List[Tensor] tensors = [<[1, 128, 28, 28]>, <[1, 19, 28, 28]>, <[1, 38, 28, 28]>]",int dim = 1
65,"List[Tensor] tensors = [<[1, 256, 128, 128]>, <[1, 256, 128, 128]>, <[1, 256, 128, 128]>, <[1, 256, 128, 128]>]",int dim = 1
66,"List[Tensor] tensors = [<[1, 160]>, <[1, 160]>]",int dim = -1
67,"List[Tensor] tensors = [<[1, 1280, 8, 8]>, <[1, 1280, 8, 8]>]",int dim = 1
68,"List[Tensor] tensors = [<[1, 1280, 16, 16]>, <[1, 1280, 16, 16]>]",int dim = 1
69,"List[Tensor] tensors = [<[1, 1280, 16, 16]>, <[1, 640, 16, 16]>]",int dim = 1
70,"List[Tensor] tensors = [<[1, 1280, 32, 32]>, <[1, 640, 32, 32]>]",int dim = 1
71,"List[Tensor] tensors = [<[1, 640, 32, 32]>, <[1, 640, 32, 32]>]",int dim = 1
72,"List[Tensor] tensors = [<[1, 640, 32, 32]>, <[1, 320, 32, 32]>]",int dim = 1
73,"List[Tensor] tensors = [<[1, 640, 64, 64]>, <[1, 320, 64, 64]>]",int dim = 1
74,"List[Tensor] tensors = [<[1, 320, 64, 64]>, <[1, 320, 64, 64]>]",int dim = 1
75,"List[Tensor] tensors = [<[1, 256, 32, 32]>, <[1, 256, 32, 32]>]",int dim = 1
76,"List[Tensor] tensors = [<[1, 128, 64, 64]>, <[1, 128, 64, 64]>]",int dim = 1
77,"List[Tensor] tensors = [<[1, 64, 128, 128]>, <[1, 64, 128, 128]>]",int dim = 1
78,"List[Tensor] tensors = [<[1, 32, 256, 256]>, <[1, 32, 256, 256]>]",int dim = 1
79,"List[Tensor] tensors = [<[1, 512, 28, 28]>, <[1, 512, 28, 28]>]",int dim = 1
80,"List[Tensor] tensors = [<[1, 256, 56, 56]>, <[1, 256, 56, 56]>]",int dim = 1
81,"List[Tensor] tensors = [<[1, 128, 112, 112]>, <[1, 128, 112, 112]>]",int dim = 1
82,"List[Tensor] tensors = [<[1, 64, 224, 224]>, <[1, 64, 224, 224]>]",int dim = 1
83,"List[Tensor] tensors = [<[1, 768, 12, 16]>]",
84,"List[Tensor] tensors = [<[1, 8, 768]>, <[1, 193, 768]>]",int dim = 1
85,"List[Tensor] tensors = [<[1, 8]>, <[1, 193]>]",int dim = 1
86,"List[Tensor] tensors = [<[1, 1]>, <[1, 1]>, <[1, 1]>, <[1, 1]>]",int dim = -1
87,"List[Tensor] tensors = [<[1, 12, 4, 64]>, <[1, 12, 1, 64]>]",int dim = 2
88,"List[Tensor] tensors = [<[1, 12, s2, 64]>, <[1, 12, 1, 64]>]",int dim = 2
89,"List[Tensor] tensors = [<[1, 12, s3, 64]>, <[1, 12, 1, 64]>]",int dim = 2
90,"List[Tensor] tensors = [<[1, 12, s4, 64]>, <[1, 12, 1, 64]>]",int dim = 2
91,"List[Tensor] tensors = [<[1, 12, s5, 64]>, <[1, 12, 1, 64]>]",int dim = 2
92,"List[Tensor] tensors = [<[1, 12, s6, 64]>, <[1, 12, 1, 64]>]",int dim = 2
93,"List[Tensor] tensors = [<[1, 12, s7, 64]>, <[1, 12, 1, 64]>]",int dim = 2
94,"List[Tensor] tensors = [<[1, 12, s8, 64]>, <[1, 12, 1, 64]>]",int dim = 2
95,"List[Tensor] tensors = [<[1, 12, s9, 64]>, <[1, 12, 1, 64]>]",int dim = 2
96,"List[Tensor] tensors = [<[1, 12, s10, 64]>, <[1, 12, 1, 64]>]",int dim = 2
97,"List[Tensor] tensors = [<[1, 12, s11, 64]>, <[1, 12, 1, 64]>]",int dim = 2
98,"List[Tensor] tensors = [<[1, 12, s12, 64]>, <[1, 12, 1, 64]>]",int dim = 2
99,"List[Tensor] tensors = [<[1, 12, s13, 64]>, <[1, 12, 1, 64]>]",int dim = 2
100,"List[Tensor] tensors = [<[1, 12, s14, 64]>, <[1, 12, 1, 64]>]",int dim = 2
101,"List[Tensor] tensors = [<[1, 12, s15, 64]>, <[1, 12, 1, 64]>]",int dim = 2
102,"List[Tensor] tensors = [<[1, 12, s16, 64]>, <[1, 12, 1, 64]>]",int dim = 2
103,"List[Tensor] tensors = [<[1, 12, s17, 64]>, <[1, 12, 1, 64]>]",int dim = 2
104,"List[Tensor] tensors = [<[1, 12, s18, 64]>, <[1, 12, 1, 64]>]",int dim = 2
105,"List[Tensor] tensors = [<[1, 12, s19, 64]>, <[1, 12, 1, 64]>]",int dim = 2
106,"List[Tensor] tensors = [<[1, 12, s20, 64]>, <[1, 12, 1, 64]>]",int dim = 2
107,"List[Tensor] tensors = [<[1, 12, s21, 64]>, <[1, 12, 1, 64]>]",int dim = 2
108,"List[Tensor] tensors = [<[1, 12, s22, 64]>, <[1, 12, 1, 64]>]",int dim = 2
109,"List[Tensor] tensors = [<[1, 12, s23, 64]>, <[1, 12, 1, 64]>]",int dim = 2
110,"List[Tensor] tensors = [<[1, 12, s24, 64]>, <[1, 12, 1, 64]>]",int dim = 2
111,"List[Tensor] tensors = [<[1, 12, s25, 64]>, <[1, 12, 1, 64]>]",int dim = 2
112,"List[Tensor] tensors = [<[1, 1, 192]>, <[1, 1344, 192]>, <[1, 100, 192]>]",int dim = 1
113,"List[Tensor] tensors = [<[1, 256, 32, 32]>, <[1, 512, 32, 32]>]",int dim = 1
114,"List[Tensor] tensors = [<[1, 128, 64, 64]>, <[1, 256, 64, 64]>]",int dim = 1
115,"List[Tensor] tensors = [<[1, 32, s0, s1]>, <[1, 32, s0, s1]>]",int dim = 1
116,"List[Tensor] tensors = [<[1, 64, s1, s2]>, <[1, 64, s1, s2]>]",int dim = 1
117,"List[Tensor] tensors = [<[1, 128, s1, s2]>, <[1, 128, s1, s2]>]",int dim = 1
118,"List[Tensor] tensors = [<[1, 256, s1, s2]>, <[1, 256, s1, s2]>]",int dim = 1
119,"List[Tensor] tensors = [<[1, s0, s1, s2]>, <[1, s3, s1, s2]>]",int dim = 1
120,"List[Tensor] tensors = [<[1, 3, 64, 64, 2]>, <[1, 3, 64, 64, 2]>, <[1, 3, 64, 64, 81]>]",int dim = 4
121,"List[Tensor] tensors = [<[1, 3, 32, 32, 2]>, <[1, 3, 32, 32, 2]>, <[1, 3, 32, 32, 81]>]",int dim = 4
122,"List[Tensor] tensors = [<[1, 3, 16, 16, 2]>, <[1, 3, 16, 16, 2]>, <[1, 3, 16, 16, 81]>]",int dim = 4
123,"List[Tensor] tensors = [<[1, 12288, 85]>, <[1, 3072, 85]>, <[1, 768, 85]>]",int dim = 1
124,"List[Tensor] tensors = [<[1, 5, 16, 32]>, <[1, 5, 16, 32]>]",int dim = -1
125,"List[Tensor] tensors = [<[1, 5]>, <[1, 1]>]",int dim = -1
126,"List[Tensor] tensors = [<[1, 1, 16, 32]>, <[1, 1, 16, 32]>]",int dim = -1
127,"List[Tensor] tensors = [<[1, 16, 5, 64]>, <[1, 16, 1, 64]>]",int dim = -2
128,"List[Tensor] tensors = [<[1, s40]>, <[1, 1]>]",int dim = -1
129,"List[Tensor] tensors = [<[1, 16, s10, 64]>, <[1, 16, 1, 64]>]",int dim = -2
130,"List[Tensor] tensors = [<[1, 64, 56, 56]>]",int dim = 1
131,"List[Tensor] tensors = [<[1, 64, 56, 56]>, <[1, 32, 56, 56]>]",int dim = 1
132,"List[Tensor] tensors = [<[1, 64, 56, 56]>, <[1, 32, 56, 56]>, <[1, 32, 56, 56]>]",int dim = 1
133,"List[Tensor] tensors = [<[1, 64, 56, 56]>, <[1, 32, 56, 56]>, <[1, 32, 56, 56]>, <[1, 32, 56, 56]>]",int dim = 1
134,"List[Tensor] tensors = [<[1, 64, 56, 56]>, <[1, 32, 56, 56]>, <[1, 32, 56, 56]>, <[1, 32, 56, 56]>, <[1, 32, 56, 56]>]",int dim = 1
135,"List[Tensor] tensors = [<[1, 64, 56, 56]>, <[1, 32, 56, 56]>, <[1, 32, 56, 56]>, <[1, 32, 56, 56]>, <[1, 32, 56, 56]>, <[1, 32, 56, 56]>]",int dim = 1
136,"List[Tensor] tensors = [<[1, 64, 56, 56]>, <[1, 32, 56, 56]>, <[1, 32, 56, 56]>, <[1, 32, 56, 56]>, <[1, 32, 56, 56]>, <[1, 32, 56, 56]>, <[1, 32, 56, 56]>]",int dim = 1
137,"List[Tensor] tensors = [<[1, 128, 28, 28]>]",int dim = 1
138,"List[Tensor] tensors = [<[1, 128, 28, 28]>, <[1, 32, 28, 28]>]",int dim = 1
139,"List[Tensor] tensors = [<[1, 128, 28, 28]>, <[1, 32, 28, 28]>, <[1, 32, 28, 28]>]",int dim = 1
140,"List[Tensor] tensors = [<[1, 128, 28, 28]>, <[1, 32, 28, 28]>, <[1, 32, 28, 28]>, <[1, 32, 28, 28]>]",int dim = 1
141,"List[Tensor] tensors = [<[1, 128, 28, 28]>, <[1, 32, 28, 28]>, <[1, 32, 28, 28]>, <[1, 32, 28, 28]>, <[1, 32, 28, 28]>]",int dim = 1
142,"List[Tensor] tensors = [<[1, 128, 28, 28]>, <[1, 32, 28, 28]>, <[1, 32, 28, 28]>, <[1, 32, 28, 28]>, <[1, 32, 28, 28]>, <[1, 32, 28, 28]>]",int dim = 1
143,"List[Tensor] tensors = [<[1, 128, 28, 28]>, <[1, 32, 28, 28]>, <[1, 32, 28, 28]>, <[1, 32, 28, 28]>, <[1, 32, 28, 28]>, <[1, 32, 28, 28]>, <[1, 32, 28, 28]>]",int dim = 1
144,"List[Tensor] tensors = [<[1, 128, 28, 28]>, <[1, 32, 28, 28]>, <[1, 32, 28, 28]>, <[1, 32, 28, 28]>, <[1, 32, 28, 28]>, <[1, 32, 28, 28]>, <[1, 32, 28, 28]>, <[1, 32, 28, 28]>]",int dim = 1
145,"List[Tensor] tensors = [<[1, 128, 28, 28]>, <[1, 32, 28, 28]>, <[1, 32, 28, 28]>, <[1, 32, 28, 28]>, <[1, 32, 28, 28]>, <[1, 32, 28, 28]>, <[1, 32, 28, 28]>, <[1, 32, 28, 28]>, <[1, 32, 28, 28]>]",int dim = 1
146,"List[Tensor] tensors = [<[1, 128, 28, 28]>, <[1, 32, 28, 28]>, <[1, 32, 28, 28]>, <[1, 32, 28, 28]>, <[1, 32, 28, 28]>, <[1, 32, 28, 28]>, <[1, 32, 28, 28]>, <[1, 32, 28, 28]>, <[1, 32, 28, 28]>, <[1, 32, 28, 28]>]",int dim = 1
147,"List[Tensor] tensors = [<[1, 128, 28, 28]>, <[1, 32, 28, 28]>, <[1, 32, 28, 28]>, <[1, 32, 28, 28]>, <[1, 32, 28, 28]>, <[1, 32, 28, 28]>, <[1, 32, 28, 28]>, <[1, 32, 28, 28]>, <[1, 32, 28, 28]>, <[1, 32, 28, 28]>, <[1, 32, 28, 28]>]",int dim = 1
148,"List[Tensor] tensors = [<[1, 128, 28, 28]>, <[1, 32, 28, 28]>, <[1, 32, 28, 28]>, <[1, 32, 28, 28]>, <[1, 32, 28, 28]>, <[1, 32, 28, 28]>, <[1, 32, 28, 28]>, <[1, 32, 28, 28]>, <[1, 32, 28, 28]>, <[1, 32, 28, 28]>, <[1, 32, 28, 28]>, <[1, 32, 28, 28]>]",int dim = 1
149,"List[Tensor] tensors = [<[1, 128, 28, 28]>, <[1, 32, 28, 28]>, <[1, 32, 28, 28]>, <[1, 32, 28, 28]>, <[1, 32, 28, 28]>, <[1, 32, 28, 28]>, <[1, 32, 28, 28]>, <[1, 32, 28, 28]>, <[1, 32, 28, 28]>, <[1, 32, 28, 28]>, <[1, 32, 28, 28]>, <[1, 32, 28, 28]>, <[1, 32, 28, 28]>]",int dim = 1
150,"List[Tensor] tensors = [<[1, 256, 14, 14]>]",int dim = 1
151,"List[Tensor] tensors = [<[1, 256, 14, 14]>, <[1, 32, 14, 14]>]",int dim = 1
152,"List[Tensor] tensors = [<[1, 256, 14, 14]>, <[1, 32, 14, 14]>, <[1, 32, 14, 14]>]",int dim = 1
153,"List[Tensor] tensors = [<[1, 256, 14, 14]>, <[1, 32, 14, 14]>, <[1, 32, 14, 14]>, <[1, 32, 14, 14]>]",int dim = 1
154,"List[Tensor] tensors = [<[1, 256, 14, 14]>, <[1, 32, 14, 14]>, <[1, 32, 14, 14]>, <[1, 32, 14, 14]>, <[1, 32, 14, 14]>]",int dim = 1
155,"List[Tensor] tensors = [<[1, 256, 14, 14]>, <[1, 32, 14, 14]>, <[1, 32, 14, 14]>, <[1, 32, 14, 14]>, <[1, 32, 14, 14]>, <[1, 32, 14, 14]>]",int dim = 1
156,"List[Tensor] tensors = [<[1, 256, 14, 14]>, <[1, 32, 14, 14]>, <[1, 32, 14, 14]>, <[1, 32, 14, 14]>, <[1, 32, 14, 14]>, <[1, 32, 14, 14]>, <[1, 32, 14, 14]>]",int dim = 1
157,"List[Tensor] tensors = [<[1, 256, 14, 14]>, <[1, 32, 14, 14]>, <[1, 32, 14, 14]>, <[1, 32, 14, 14]>, <[1, 32, 14, 14]>, <[1, 32, 14, 14]>, <[1, 32, 14, 14]>, <[1, 32, 14, 14]>]",int dim = 1
158,"List[Tensor] tensors = [<[1, 256, 14, 14]>, <[1, 32, 14, 14]>, <[1, 32, 14, 14]>, <[1, 32, 14, 14]>, <[1, 32, 14, 14]>, <[1, 32, 14, 14]>, <[1, 32, 14, 14]>, <[1, 32, 14, 14]>, <[1, 32, 14, 14]>]",int dim = 1
159,"List[Tensor] tensors = [<[1, 256, 14, 14]>, <[1, 32, 14, 14]>, <[1, 32, 14, 14]>, <[1, 32, 14, 14]>, <[1, 32, 14, 14]>, <[1, 32, 14, 14]>, <[1, 32, 14, 14]>, <[1, 32, 14, 14]>, <[1, 32, 14, 14]>, <[1, 32, 14, 14]>]",int dim = 1
160,"List[Tensor] tensors = [<[1, 256, 14, 14]>, <[1, 32, 14, 14]>, <[1, 32, 14, 14]>, <[1, 32, 14, 14]>, <[1, 32, 14, 14]>, <[1, 32, 14, 14]>, <[1, 32, 14, 14]>, <[1, 32, 14, 14]>, <[1, 32, 14, 14]>, <[1, 32, 14, 14]>, <[1, 32, 14, 14]>]",int dim = 1
161,"List[Tensor] tensors = [<[1, 256, 14, 14]>, <[1, 32, 14, 14]>, <[1, 32, 14, 14]>, <[1, 32, 14, 14]>, <[1, 32, 14, 14]>, <[1, 32, 14, 14]>, <[1, 32, 14, 14]>, <[1, 32, 14, 14]>, <[1, 32, 14, 14]>, <[1, 32, 14, 14]>, <[1, 32, 14, 14]>, <[1, 32, 14, 14]>]",int dim = 1
162,"List[Tensor] tensors = [<[1, 256, 14, 14]>, <[1, 32, 14, 14]>, <[1, 32, 14, 14]>, <[1, 32, 14, 14]>, <[1, 32, 14, 14]>, <[1, 32, 14, 14]>, <[1, 32, 14, 14]>, <[1, 32, 14, 14]>, <[1, 32, 14, 14]>, <[1, 32, 14, 14]>, <[1, 32, 14, 14]>, <[1, 32, 14, 14]>, <[1, 32, 14, 14]>]",int dim = 1
163,"List[Tensor] tensors = [<[1, 256, 14, 14]>, <[1, 32, 14, 14]>, <[1, 32, 14, 14]>, <[1, 32, 14, 14]>, <[1, 32, 14, 14]>, <[1, 32, 14, 14]>, <[1, 32, 14, 14]>, <[1, 32, 14, 14]>, <[1, 32, 14, 14]>, <[1, 32, 14, 14]>, <[1, 32, 14, 14]>, <[1, 32, 14, 14]>, <[1, 32, 14, 14]>, <[1, 32, 14, 14]>]",int dim = 1
164,"List[Tensor] tensors = [<[1, 256, 14, 14]>, <[1, 32, 14, 14]>, <[1, 32, 14, 14]>, <[1, 32, 14, 14]>, <[1, 32, 14, 14]>, <[1, 32, 14, 14]>, <[1, 32, 14, 14]>, <[1, 32, 14, 14]>, <[1, 32, 14, 14]>, <[1, 32, 14, 14]>, <[1, 32, 14, 14]>, <[1, 32, 14, 14]>, <[1, 32, 14, 14]>, <[1, 32, 14, 14]>, <[1, 32, 14, 14]>]",int dim = 1
165,"List[Tensor] tensors = [<[1, 256, 14, 14]>, <[1, 32, 14, 14]>, <[1, 32, 14, 14]>, <[1, 32, 14, 14]>, <[1, 32, 14, 14]>, <[1, 32, 14, 14]>, <[1, 32, 14, 14]>, <[1, 32, 14, 14]>, <[1, 32, 14, 14]>, <[1, 32, 14, 14]>, <[1, 32, 14, 14]>, <[1, 32, 14, 14]>, <[1, 32, 14, 14]>, <[1, 32, 14, 14]>, <[1, 32, 14, 14]>, <[1, 32, 14, 14]>]",int dim = 1
166,"List[Tensor] tensors = [<[1, 256, 14, 14]>, <[1, 32, 14, 14]>, <[1, 32, 14, 14]>, <[1, 32, 14, 14]>, <[1, 32, 14, 14]>, <[1, 32, 14, 14]>, <[1, 32, 14, 14]>, <[1, 32, 14, 14]>, <[1, 32, 14, 14]>, <[1, 32, 14, 14]>, <[1, 32, 14, 14]>, <[1, 32, 14, 14]>, <[1, 32, 14, 14]>, <[1, 32, 14, 14]>, <[1, 32, 14, 14]>, <[1, 32, 14, 14]>, <[1, 32, 14, 14]>]",int dim = 1
167,"List[Tensor] tensors = [<[1, 256, 14, 14]>, <[1, 32, 14, 14]>, <[1, 32, 14, 14]>, <[1, 32, 14, 14]>, <[1, 32, 14, 14]>, <[1, 32, 14, 14]>, <[1, 32, 14, 14]>, <[1, 32, 14, 14]>, <[1, 32, 14, 14]>, <[1, 32, 14, 14]>, <[1, 32, 14, 14]>, <[1, 32, 14, 14]>, <[1, 32, 14, 14]>, <[1, 32, 14, 14]>, <[1, 32, 14, 14]>, <[1, 32, 14, 14]>, <[1, 32, 14, 14]>, <[1, 32, 14, 14]>]",int dim = 1
168,"List[Tensor] tensors = [<[1, 256, 14, 14]>, <[1, 32, 14, 14]>, <[1, 32, 14, 14]>, <[1, 32, 14, 14]>, <[1, 32, 14, 14]>, <[1, 32, 14, 14]>, <[1, 32, 14, 14]>, <[1, 32, 14, 14]>, <[1, 32, 14, 14]>, <[1, 32, 14, 14]>, <[1, 32, 14, 14]>, <[1, 32, 14, 14]>, <[1, 32, 14, 14]>, <[1, 32, 14, 14]>, <[1, 32, 14, 14]>, <[1, 32, 14, 14]>, <[1, 32, 14, 14]>, <[1, 32, 14, 14]>, <[1, 32, 14, 14]>]",int dim = 1
169,"List[Tensor] tensors = [<[1, 256, 14, 14]>, <[1, 32, 14, 14]>, <[1, 32, 14, 14]>, <[1, 32, 14, 14]>, <[1, 32, 14, 14]>, <[1, 32, 14, 14]>, <[1, 32, 14, 14]>, <[1, 32, 14, 14]>, <[1, 32, 14, 14]>, <[1, 32, 14, 14]>, <[1, 32, 14, 14]>, <[1, 32, 14, 14]>, <[1, 32, 14, 14]>, <[1, 32, 14, 14]>, <[1, 32, 14, 14]>, <[1, 32, 14, 14]>, <[1, 32, 14, 14]>, <[1, 32, 14, 14]>, <[1, 32, 14, 14]>, <[1, 32, 14, 14]>]",int dim = 1
170,"List[Tensor] tensors = [<[1, 256, 14, 14]>, <[1, 32, 14, 14]>, <[1, 32, 14, 14]>, <[1, 32, 14, 14]>, <[1, 32, 14, 14]>, <[1, 32, 14, 14]>, <[1, 32, 14, 14]>, <[1, 32, 14, 14]>, <[1, 32, 14, 14]>, <[1, 32, 14, 14]>, <[1, 32, 14, 14]>, <[1, 32, 14, 14]>, <[1, 32, 14, 14]>, <[1, 32, 14, 14]>, <[1, 32, 14, 14]>, <[1, 32, 14, 14]>, <[1, 32, 14, 14]>, <[1, 32, 14, 14]>, <[1, 32, 14, 14]>, <[1, 32, 14, 14]>, <[1, 32, 14, 14]>]",int dim = 1
171,"List[Tensor] tensors = [<[1, 256, 14, 14]>, <[1, 32, 14, 14]>, <[1, 32, 14, 14]>, <[1, 32, 14, 14]>, <[1, 32, 14, 14]>, <[1, 32, 14, 14]>, <[1, 32, 14, 14]>, <[1, 32, 14, 14]>, <[1, 32, 14, 14]>, <[1, 32, 14, 14]>, <[1, 32, 14, 14]>, <[1, 32, 14, 14]>, <[1, 32, 14, 14]>, <[1, 32, 14, 14]>, <[1, 32, 14, 14]>, <[1, 32, 14, 14]>, <[1, 32, 14, 14]>, <[1, 32, 14, 14]>, <[1, 32, 14, 14]>, <[1, 32, 14, 14]>, <[1, 32, 14, 14]>, <[1, 32, 14, 14]>]",int dim = 1
172,"List[Tensor] tensors = [<[1, 256, 14, 14]>, <[1, 32, 14, 14]>, <[1, 32, 14, 14]>, <[1, 32, 14, 14]>, <[1, 32, 14, 14]>, <[1, 32, 14, 14]>, <[1, 32, 14, 14]>, <[1, 32, 14, 14]>, <[1, 32, 14, 14]>, <[1, 32, 14, 14]>, <[1, 32, 14, 14]>, <[1, 32, 14, 14]>, <[1, 32, 14, 14]>, <[1, 32, 14, 14]>, <[1, 32, 14, 14]>, <[1, 32, 14, 14]>, <[1, 32, 14, 14]>, <[1, 32, 14, 14]>, <[1, 32, 14, 14]>, <[1, 32, 14, 14]>, <[1, 32, 14, 14]>, <[1, 32, 14, 14]>, <[1, 32, 14, 14]>]",int dim = 1
173,"List[Tensor] tensors = [<[1, 256, 14, 14]>, <[1, 32, 14, 14]>, <[1, 32, 14, 14]>, <[1, 32, 14, 14]>, <[1, 32, 14, 14]>, <[1, 32, 14, 14]>, <[1, 32, 14, 14]>, <[1, 32, 14, 14]>, <[1, 32, 14, 14]>, <[1, 32, 14, 14]>, <[1, 32, 14, 14]>, <[1, 32, 14, 14]>, <[1, 32, 14, 14]>, <[1, 32, 14, 14]>, <[1, 32, 14, 14]>, <[1, 32, 14, 14]>, <[1, 32, 14, 14]>, <[1, 32, 14, 14]>, <[1, 32, 14, 14]>, <[1, 32, 14, 14]>, <[1, 32, 14, 14]>, <[1, 32, 14, 14]>, <[1, 32, 14, 14]>, <[1, 32, 14, 14]>]",int dim = 1
174,"List[Tensor] tensors = [<[1, 256, 14, 14]>, <[1, 32, 14, 14]>, <[1, 32, 14, 14]>, <[1, 32, 14, 14]>, <[1, 32, 14, 14]>, <[1, 32, 14, 14]>, <[1, 32, 14, 14]>, <[1, 32, 14, 14]>, <[1, 32, 14, 14]>, <[1, 32, 14, 14]>, <[1, 32, 14, 14]>, <[1, 32, 14, 14]>, <[1, 32, 14, 14]>, <[1, 32, 14, 14]>, <[1, 32, 14, 14]>, <[1, 32, 14, 14]>, <[1, 32, 14, 14]>, <[1, 32, 14, 14]>, <[1, 32, 14, 14]>, <[1, 32, 14, 14]>, <[1, 32, 14, 14]>, <[1, 32, 14, 14]>, <[1, 32, 14, 14]>, <[1, 32, 14, 14]>, <[1, 32, 14, 14]>]",int dim = 1
175,"List[Tensor] tensors = [<[1, 512, 7, 7]>]",int dim = 1
176,"List[Tensor] tensors = [<[1, 512, 7, 7]>, <[1, 32, 7, 7]>]",int dim = 1
177,"List[Tensor] tensors = [<[1, 512, 7, 7]>, <[1, 32, 7, 7]>, <[1, 32, 7, 7]>]",int dim = 1
178,"List[Tensor] tensors = [<[1, 512, 7, 7]>, <[1, 32, 7, 7]>, <[1, 32, 7, 7]>, <[1, 32, 7, 7]>]",int dim = 1
179,"List[Tensor] tensors = [<[1, 512, 7, 7]>, <[1, 32, 7, 7]>, <[1, 32, 7, 7]>, <[1, 32, 7, 7]>, <[1, 32, 7, 7]>]",int dim = 1
180,"List[Tensor] tensors = [<[1, 512, 7, 7]>, <[1, 32, 7, 7]>, <[1, 32, 7, 7]>, <[1, 32, 7, 7]>, <[1, 32, 7, 7]>, <[1, 32, 7, 7]>]",int dim = 1
181,"List[Tensor] tensors = [<[1, 512, 7, 7]>, <[1, 32, 7, 7]>, <[1, 32, 7, 7]>, <[1, 32, 7, 7]>, <[1, 32, 7, 7]>, <[1, 32, 7, 7]>, <[1, 32, 7, 7]>]",int dim = 1
182,"List[Tensor] tensors = [<[1, 512, 7, 7]>, <[1, 32, 7, 7]>, <[1, 32, 7, 7]>, <[1, 32, 7, 7]>, <[1, 32, 7, 7]>, <[1, 32, 7, 7]>, <[1, 32, 7, 7]>, <[1, 32, 7, 7]>]",int dim = 1
183,"List[Tensor] tensors = [<[1, 512, 7, 7]>, <[1, 32, 7, 7]>, <[1, 32, 7, 7]>, <[1, 32, 7, 7]>, <[1, 32, 7, 7]>, <[1, 32, 7, 7]>, <[1, 32, 7, 7]>, <[1, 32, 7, 7]>, <[1, 32, 7, 7]>]",int dim = 1
184,"List[Tensor] tensors = [<[1, 512, 7, 7]>, <[1, 32, 7, 7]>, <[1, 32, 7, 7]>, <[1, 32, 7, 7]>, <[1, 32, 7, 7]>, <[1, 32, 7, 7]>, <[1, 32, 7, 7]>, <[1, 32, 7, 7]>, <[1, 32, 7, 7]>, <[1, 32, 7, 7]>]",int dim = 1
185,"List[Tensor] tensors = [<[1, 512, 7, 7]>, <[1, 32, 7, 7]>, <[1, 32, 7, 7]>, <[1, 32, 7, 7]>, <[1, 32, 7, 7]>, <[1, 32, 7, 7]>, <[1, 32, 7, 7]>, <[1, 32, 7, 7]>, <[1, 32, 7, 7]>, <[1, 32, 7, 7]>, <[1, 32, 7, 7]>]",int dim = 1
186,"List[Tensor] tensors = [<[1, 512, 7, 7]>, <[1, 32, 7, 7]>, <[1, 32, 7, 7]>, <[1, 32, 7, 7]>, <[1, 32, 7, 7]>, <[1, 32, 7, 7]>, <[1, 32, 7, 7]>, <[1, 32, 7, 7]>, <[1, 32, 7, 7]>, <[1, 32, 7, 7]>, <[1, 32, 7, 7]>, <[1, 32, 7, 7]>]",int dim = 1
187,"List[Tensor] tensors = [<[1, 512, 7, 7]>, <[1, 32, 7, 7]>, <[1, 32, 7, 7]>, <[1, 32, 7, 7]>, <[1, 32, 7, 7]>, <[1, 32, 7, 7]>, <[1, 32, 7, 7]>, <[1, 32, 7, 7]>, <[1, 32, 7, 7]>, <[1, 32, 7, 7]>, <[1, 32, 7, 7]>, <[1, 32, 7, 7]>, <[1, 32, 7, 7]>]",int dim = 1
188,"List[Tensor] tensors = [<[1, 512, 7, 7]>, <[1, 32, 7, 7]>, <[1, 32, 7, 7]>, <[1, 32, 7, 7]>, <[1, 32, 7, 7]>, <[1, 32, 7, 7]>, <[1, 32, 7, 7]>, <[1, 32, 7, 7]>, <[1, 32, 7, 7]>, <[1, 32, 7, 7]>, <[1, 32, 7, 7]>, <[1, 32, 7, 7]>, <[1, 32, 7, 7]>, <[1, 32, 7, 7]>]",int dim = 1
189,"List[Tensor] tensors = [<[1, 512, 7, 7]>, <[1, 32, 7, 7]>, <[1, 32, 7, 7]>, <[1, 32, 7, 7]>, <[1, 32, 7, 7]>, <[1, 32, 7, 7]>, <[1, 32, 7, 7]>, <[1, 32, 7, 7]>, <[1, 32, 7, 7]>, <[1, 32, 7, 7]>, <[1, 32, 7, 7]>, <[1, 32, 7, 7]>, <[1, 32, 7, 7]>, <[1, 32, 7, 7]>, <[1, 32, 7, 7]>]",int dim = 1
190,"List[Tensor] tensors = [<[1, 512, 7, 7]>, <[1, 32, 7, 7]>, <[1, 32, 7, 7]>, <[1, 32, 7, 7]>, <[1, 32, 7, 7]>, <[1, 32, 7, 7]>, <[1, 32, 7, 7]>, <[1, 32, 7, 7]>, <[1, 32, 7, 7]>, <[1, 32, 7, 7]>, <[1, 32, 7, 7]>, <[1, 32, 7, 7]>, <[1, 32, 7, 7]>, <[1, 32, 7, 7]>, <[1, 32, 7, 7]>, <[1, 32, 7, 7]>]",int dim = 1
191,"List[Tensor] tensors = [<[1, 512, 7, 7]>, <[1, 32, 7, 7]>, <[1, 32, 7, 7]>, <[1, 32, 7, 7]>, <[1, 32, 7, 7]>, <[1, 32, 7, 7]>, <[1, 32, 7, 7]>, <[1, 32, 7, 7]>, <[1, 32, 7, 7]>, <[1, 32, 7, 7]>, <[1, 32, 7, 7]>, <[1, 32, 7, 7]>, <[1, 32, 7, 7]>, <[1, 32, 7, 7]>, <[1, 32, 7, 7]>, <[1, 32, 7, 7]>, <[1, 32, 7, 7]>]",int dim = 1
192,"List[Tensor] tensors = [<[1, 96, 56, 56]>]",int dim = 1
193,"List[Tensor] tensors = [<[1, 96, 56, 56]>, <[1, 48, 56, 56]>]",int dim = 1
194,"List[Tensor] tensors = [<[1, 96, 56, 56]>, <[1, 48, 56, 56]>, <[1, 48, 56, 56]>]",int dim = 1
195,"List[Tensor] tensors = [<[1, 96, 56, 56]>, <[1, 48, 56, 56]>, <[1, 48, 56, 56]>, <[1, 48, 56, 56]>]",int dim = 1
196,"List[Tensor] tensors = [<[1, 96, 56, 56]>, <[1, 48, 56, 56]>, <[1, 48, 56, 56]>, <[1, 48, 56, 56]>, <[1, 48, 56, 56]>]",int dim = 1
197,"List[Tensor] tensors = [<[1, 96, 56, 56]>, <[1, 48, 56, 56]>, <[1, 48, 56, 56]>, <[1, 48, 56, 56]>, <[1, 48, 56, 56]>, <[1, 48, 56, 56]>]",int dim = 1
198,"List[Tensor] tensors = [<[1, 96, 56, 56]>, <[1, 48, 56, 56]>, <[1, 48, 56, 56]>, <[1, 48, 56, 56]>, <[1, 48, 56, 56]>, <[1, 48, 56, 56]>, <[1, 48, 56, 56]>]",int dim = 1
199,"List[Tensor] tensors = [<[1, 192, 28, 28]>]",int dim = 1
200,"List[Tensor] tensors = [<[1, 192, 28, 28]>, <[1, 48, 28, 28]>]",int dim = 1
201,"List[Tensor] tensors = [<[1, 192, 28, 28]>, <[1, 48, 28, 28]>, <[1, 48, 28, 28]>]",int dim = 1
202,"List[Tensor] tensors = [<[1, 192, 28, 28]>, <[1, 48, 28, 28]>, <[1, 48, 28, 28]>, <[1, 48, 28, 28]>]",int dim = 1
203,"List[Tensor] tensors = [<[1, 192, 28, 28]>, <[1, 48, 28, 28]>, <[1, 48, 28, 28]>, <[1, 48, 28, 28]>, <[1, 48, 28, 28]>]",int dim = 1
204,"List[Tensor] tensors = [<[1, 192, 28, 28]>, <[1, 48, 28, 28]>, <[1, 48, 28, 28]>, <[1, 48, 28, 28]>, <[1, 48, 28, 28]>, <[1, 48, 28, 28]>]",int dim = 1
205,"List[Tensor] tensors = [<[1, 192, 28, 28]>, <[1, 48, 28, 28]>, <[1, 48, 28, 28]>, <[1, 48, 28, 28]>, <[1, 48, 28, 28]>, <[1, 48, 28, 28]>, <[1, 48, 28, 28]>]",int dim = 1
206,"List[Tensor] tensors = [<[1, 192, 28, 28]>, <[1, 48, 28, 28]>, <[1, 48, 28, 28]>, <[1, 48, 28, 28]>, <[1, 48, 28, 28]>, <[1, 48, 28, 28]>, <[1, 48, 28, 28]>, <[1, 48, 28, 28]>]",int dim = 1
207,"List[Tensor] tensors = [<[1, 192, 28, 28]>, <[1, 48, 28, 28]>, <[1, 48, 28, 28]>, <[1, 48, 28, 28]>, <[1, 48, 28, 28]>, <[1, 48, 28, 28]>, <[1, 48, 28, 28]>, <[1, 48, 28, 28]>, <[1, 48, 28, 28]>]",int dim = 1
208,"List[Tensor] tensors = [<[1, 192, 28, 28]>, <[1, 48, 28, 28]>, <[1, 48, 28, 28]>, <[1, 48, 28, 28]>, <[1, 48, 28, 28]>, <[1, 48, 28, 28]>, <[1, 48, 28, 28]>, <[1, 48, 28, 28]>, <[1, 48, 28, 28]>, <[1, 48, 28, 28]>]",int dim = 1
209,"List[Tensor] tensors = [<[1, 192, 28, 28]>, <[1, 48, 28, 28]>, <[1, 48, 28, 28]>, <[1, 48, 28, 28]>, <[1, 48, 28, 28]>, <[1, 48, 28, 28]>, <[1, 48, 28, 28]>, <[1, 48, 28, 28]>, <[1, 48, 28, 28]>, <[1, 48, 28, 28]>, <[1, 48, 28, 28]>]",int dim = 1
210,"List[Tensor] tensors = [<[1, 192, 28, 28]>, <[1, 48, 28, 28]>, <[1, 48, 28, 28]>, <[1, 48, 28, 28]>, <[1, 48, 28, 28]>, <[1, 48, 28, 28]>, <[1, 48, 28, 28]>, <[1, 48, 28, 28]>, <[1, 48, 28, 28]>, <[1, 48, 28, 28]>, <[1, 48, 28, 28]>, <[1, 48, 28, 28]>]",int dim = 1
211,"List[Tensor] tensors = [<[1, 192, 28, 28]>, <[1, 48, 28, 28]>, <[1, 48, 28, 28]>, <[1, 48, 28, 28]>, <[1, 48, 28, 28]>, <[1, 48, 28, 28]>, <[1, 48, 28, 28]>, <[1, 48, 28, 28]>, <[1, 48, 28, 28]>, <[1, 48, 28, 28]>, <[1, 48, 28, 28]>, <[1, 48, 28, 28]>, <[1, 48, 28, 28]>]",int dim = 1
212,"List[Tensor] tensors = [<[1, 384, 14, 14]>]",int dim = 1
213,"List[Tensor] tensors = [<[1, 384, 14, 14]>, <[1, 48, 14, 14]>]",int dim = 1
214,"List[Tensor] tensors = [<[1, 384, 14, 14]>, <[1, 48, 14, 14]>, <[1, 48, 14, 14]>]",int dim = 1
215,"List[Tensor] tensors = [<[1, 384, 14, 14]>, <[1, 48, 14, 14]>, <[1, 48, 14, 14]>, <[1, 48, 14, 14]>]",int dim = 1
216,"List[Tensor] tensors = [<[1, 384, 14, 14]>, <[1, 48, 14, 14]>, <[1, 48, 14, 14]>, <[1, 48, 14, 14]>, <[1, 48, 14, 14]>]",int dim = 1
217,"List[Tensor] tensors = [<[1, 384, 14, 14]>, <[1, 48, 14, 14]>, <[1, 48, 14, 14]>, <[1, 48, 14, 14]>, <[1, 48, 14, 14]>, <[1, 48, 14, 14]>]",int dim = 1
218,"List[Tensor] tensors = [<[1, 384, 14, 14]>, <[1, 48, 14, 14]>, <[1, 48, 14, 14]>, <[1, 48, 14, 14]>, <[1, 48, 14, 14]>, <[1, 48, 14, 14]>, <[1, 48, 14, 14]>]",int dim = 1
219,"List[Tensor] tensors = [<[1, 384, 14, 14]>, <[1, 48, 14, 14]>, <[1, 48, 14, 14]>, <[1, 48, 14, 14]>, <[1, 48, 14, 14]>, <[1, 48, 14, 14]>, <[1, 48, 14, 14]>, <[1, 48, 14, 14]>]",int dim = 1
220,"List[Tensor] tensors = [<[1, 384, 14, 14]>, <[1, 48, 14, 14]>, <[1, 48, 14, 14]>, <[1, 48, 14, 14]>, <[1, 48, 14, 14]>, <[1, 48, 14, 14]>, <[1, 48, 14, 14]>, <[1, 48, 14, 14]>, <[1, 48, 14, 14]>]",int dim = 1
221,"List[Tensor] tensors = [<[1, 384, 14, 14]>, <[1, 48, 14, 14]>, <[1, 48, 14, 14]>, <[1, 48, 14, 14]>, <[1, 48, 14, 14]>, <[1, 48, 14, 14]>, <[1, 48, 14, 14]>, <[1, 48, 14, 14]>, <[1, 48, 14, 14]>, <[1, 48, 14, 14]>]",int dim = 1
222,"List[Tensor] tensors = [<[1, 384, 14, 14]>, <[1, 48, 14, 14]>, <[1, 48, 14, 14]>, <[1, 48, 14, 14]>, <[1, 48, 14, 14]>, <[1, 48, 14, 14]>, <[1, 48, 14, 14]>, <[1, 48, 14, 14]>, <[1, 48, 14, 14]>, <[1, 48, 14, 14]>, <[1, 48, 14, 14]>]",int dim = 1
223,"List[Tensor] tensors = [<[1, 384, 14, 14]>, <[1, 48, 14, 14]>, <[1, 48, 14, 14]>, <[1, 48, 14, 14]>, <[1, 48, 14, 14]>, <[1, 48, 14, 14]>, <[1, 48, 14, 14]>, <[1, 48, 14, 14]>, <[1, 48, 14, 14]>, <[1, 48, 14, 14]>, <[1, 48, 14, 14]>, <[1, 48, 14, 14]>]",int dim = 1
224,"List[Tensor] tensors = [<[1, 384, 14, 14]>, <[1, 48, 14, 14]>, <[1, 48, 14, 14]>, <[1, 48, 14, 14]>, <[1, 48, 14, 14]>, <[1, 48, 14, 14]>, <[1, 48, 14, 14]>, <[1, 48, 14, 14]>, <[1, 48, 14, 14]>, <[1, 48, 14, 14]>, <[1, 48, 14, 14]>, <[1, 48, 14, 14]>, <[1, 48, 14, 14]>]",int dim = 1
225,"List[Tensor] tensors = [<[1, 384, 14, 14]>, <[1, 48, 14, 14]>, <[1, 48, 14, 14]>, <[1, 48, 14, 14]>, <[1, 48, 14, 14]>, <[1, 48, 14, 14]>, <[1, 48, 14, 14]>, <[1, 48, 14, 14]>, <[1, 48, 14, 14]>, <[1, 48, 14, 14]>, <[1, 48, 14, 14]>, <[1, 48, 14, 14]>, <[1, 48, 14, 14]>, <[1, 48, 14, 14]>]",int dim = 1
226,"List[Tensor] tensors = [<[1, 384, 14, 14]>, <[1, 48, 14, 14]>, <[1, 48, 14, 14]>, <[1, 48, 14, 14]>, <[1, 48, 14, 14]>, <[1, 48, 14, 14]>, <[1, 48, 14, 14]>, <[1, 48, 14, 14]>, <[1, 48, 14, 14]>, <[1, 48, 14, 14]>, <[1, 48, 14, 14]>, <[1, 48, 14, 14]>, <[1, 48, 14, 14]>, <[1, 48, 14, 14]>, <[1, 48, 14, 14]>]",int dim = 1
227,"List[Tensor] tensors = [<[1, 384, 14, 14]>, <[1, 48, 14, 14]>, <[1, 48, 14, 14]>, <[1, 48, 14, 14]>, <[1, 48, 14, 14]>, <[1, 48, 14, 14]>, <[1, 48, 14, 14]>, <[1, 48, 14, 14]>, <[1, 48, 14, 14]>, <[1, 48, 14, 14]>, <[1, 48, 14, 14]>, <[1, 48, 14, 14]>, <[1, 48, 14, 14]>, <[1, 48, 14, 14]>, <[1, 48, 14, 14]>, <[1, 48, 14, 14]>]",int dim = 1
228,"List[Tensor] tensors = [<[1, 384, 14, 14]>, <[1, 48, 14, 14]>, <[1, 48, 14, 14]>, <[1, 48, 14, 14]>, <[1, 48, 14, 14]>, <[1, 48, 14, 14]>, <[1, 48, 14, 14]>, <[1, 48, 14, 14]>, <[1, 48, 14, 14]>, <[1, 48, 14, 14]>, <[1, 48, 14, 14]>, <[1, 48, 14, 14]>, <[1, 48, 14, 14]>, <[1, 48, 14, 14]>, <[1, 48, 14, 14]>, <[1, 48, 14, 14]>, <[1, 48, 14, 14]>]",int dim = 1
229,"List[Tensor] tensors = [<[1, 384, 14, 14]>, <[1, 48, 14, 14]>, <[1, 48, 14, 14]>, <[1, 48, 14, 14]>, <[1, 48, 14, 14]>, <[1, 48, 14, 14]>, <[1, 48, 14, 14]>, <[1, 48, 14, 14]>, <[1, 48, 14, 14]>, <[1, 48, 14, 14]>, <[1, 48, 14, 14]>, <[1, 48, 14, 14]>, <[1, 48, 14, 14]>, <[1, 48, 14, 14]>, <[1, 48, 14, 14]>, <[1, 48, 14, 14]>, <[1, 48, 14, 14]>, <[1, 48, 14, 14]>]",int dim = 1
230,"List[Tensor] tensors = [<[1, 384, 14, 14]>, <[1, 48, 14, 14]>, <[1, 48, 14, 14]>, <[1, 48, 14, 14]>, <[1, 48, 14, 14]>, <[1, 48, 14, 14]>, <[1, 48, 14, 14]>, <[1, 48, 14, 14]>, <[1, 48, 14, 14]>, <[1, 48, 14, 14]>, <[1, 48, 14, 14]>, <[1, 48, 14, 14]>, <[1, 48, 14, 14]>, <[1, 48, 14, 14]>, <[1, 48, 14, 14]>, <[1, 48, 14, 14]>, <[1, 48, 14, 14]>, <[1, 48, 14, 14]>, <[1, 48, 14, 14]>]",int dim = 1
231,"List[Tensor] tensors = [<[1, 384, 14, 14]>, <[1, 48, 14, 14]>, <[1, 48, 14, 14]>, <[1, 48, 14, 14]>, <[1, 48, 14, 14]>, <[1, 48, 14, 14]>, <[1, 48, 14, 14]>, <[1, 48, 14, 14]>, <[1, 48, 14, 14]>, <[1, 48, 14, 14]>, <[1, 48, 14, 14]>, <[1, 48, 14, 14]>, <[1, 48, 14, 14]>, <[1, 48, 14, 14]>, <[1, 48, 14, 14]>, <[1, 48, 14, 14]>, <[1, 48, 14, 14]>, <[1, 48, 14, 14]>, <[1, 48, 14, 14]>, <[1, 48, 14, 14]>]",int dim = 1
232,"List[Tensor] tensors = [<[1, 384, 14, 14]>, <[1, 48, 14, 14]>, <[1, 48, 14, 14]>, <[1, 48, 14, 14]>, <[1, 48, 14, 14]>, <[1, 48, 14, 14]>, <[1, 48, 14, 14]>, <[1, 48, 14, 14]>, <[1, 48, 14, 14]>, <[1, 48, 14, 14]>, <[1, 48, 14, 14]>, <[1, 48, 14, 14]>, <[1, 48, 14, 14]>, <[1, 48, 14, 14]>, <[1, 48, 14, 14]>, <[1, 48, 14, 14]>, <[1, 48, 14, 14]>, <[1, 48, 14, 14]>, <[1, 48, 14, 14]>, <[1, 48, 14, 14]>, <[1, 48, 14, 14]>]",int dim = 1
233,"List[Tensor] tensors = [<[1, 384, 14, 14]>, <[1, 48, 14, 14]>, <[1, 48, 14, 14]>, <[1, 48, 14, 14]>, <[1, 48, 14, 14]>, <[1, 48, 14, 14]>, <[1, 48, 14, 14]>, <[1, 48, 14, 14]>, <[1, 48, 14, 14]>, <[1, 48, 14, 14]>, <[1, 48, 14, 14]>, <[1, 48, 14, 14]>, <[1, 48, 14, 14]>, <[1, 48, 14, 14]>, <[1, 48, 14, 14]>, <[1, 48, 14, 14]>, <[1, 48, 14, 14]>, <[1, 48, 14, 14]>, <[1, 48, 14, 14]>, <[1, 48, 14, 14]>, <[1, 48, 14, 14]>, <[1, 48, 14, 14]>]",int dim = 1
234,"List[Tensor] tensors = [<[1, 384, 14, 14]>, <[1, 48, 14, 14]>, <[1, 48, 14, 14]>, <[1, 48, 14, 14]>, <[1, 48, 14, 14]>, <[1, 48, 14, 14]>, <[1, 48, 14, 14]>, <[1, 48, 14, 14]>, <[1, 48, 14, 14]>, <[1, 48, 14, 14]>, <[1, 48, 14, 14]>, <[1, 48, 14, 14]>, <[1, 48, 14, 14]>, <[1, 48, 14, 14]>, <[1, 48, 14, 14]>, <[1, 48, 14, 14]>, <[1, 48, 14, 14]>, <[1, 48, 14, 14]>, <[1, 48, 14, 14]>, <[1, 48, 14, 14]>, <[1, 48, 14, 14]>, <[1, 48, 14, 14]>, <[1, 48, 14, 14]>]",int dim = 1
235,"List[Tensor] tensors = [<[1, 384, 14, 14]>, <[1, 48, 14, 14]>, <[1, 48, 14, 14]>, <[1, 48, 14, 14]>, <[1, 48, 14, 14]>, <[1, 48, 14, 14]>, <[1, 48, 14, 14]>, <[1, 48, 14, 14]>, <[1, 48, 14, 14]>, <[1, 48, 14, 14]>, <[1, 48, 14, 14]>, <[1, 48, 14, 14]>, <[1, 48, 14, 14]>, <[1, 48, 14, 14]>, <[1, 48, 14, 14]>, <[1, 48, 14, 14]>, <[1, 48, 14, 14]>, <[1, 48, 14, 14]>, <[1, 48, 14, 14]>, <[1, 48, 14, 14]>, <[1, 48, 14, 14]>, <[1, 48, 14, 14]>, <[1, 48, 14, 14]>, <[1, 48, 14, 14]>]",int dim = 1
236,"List[Tensor] tensors = [<[1, 384, 14, 14]>, <[1, 48, 14, 14]>, <[1, 48, 14, 14]>, <[1, 48, 14, 14]>, <[1, 48, 14, 14]>, <[1, 48, 14, 14]>, <[1, 48, 14, 14]>, <[1, 48, 14, 14]>, <[1, 48, 14, 14]>, <[1, 48, 14, 14]>, <[1, 48, 14, 14]>, <[1, 48, 14, 14]>, <[1, 48, 14, 14]>, <[1, 48, 14, 14]>, <[1, 48, 14, 14]>, <[1, 48, 14, 14]>, <[1, 48, 14, 14]>, <[1, 48, 14, 14]>, <[1, 48, 14, 14]>, <[1, 48, 14, 14]>, <[1, 48, 14, 14]>, <[1, 48, 14, 14]>, <[1, 48, 14, 14]>, <[1, 48, 14, 14]>, <[1, 48, 14, 14]>]",int dim = 1
237,"List[Tensor] tensors = [<[1, 384, 14, 14]>, <[1, 48, 14, 14]>, <[1, 48, 14, 14]>, <[1, 48, 14, 14]>, <[1, 48, 14, 14]>, <[1, 48, 14, 14]>, <[1, 48, 14, 14]>, <[1, 48, 14, 14]>, <[1, 48, 14, 14]>, <[1, 48, 14, 14]>, <[1, 48, 14, 14]>, <[1, 48, 14, 14]>, <[1, 48, 14, 14]>, <[1, 48, 14, 14]>, <[1, 48, 14, 14]>, <[1, 48, 14, 14]>, <[1, 48, 14, 14]>, <[1, 48, 14, 14]>, <[1, 48, 14, 14]>, <[1, 48, 14, 14]>, <[1, 48, 14, 14]>, <[1, 48, 14, 14]>, <[1, 48, 14, 14]>, <[1, 48, 14, 14]>, <[1, 48, 14, 14]>, <[1, 48, 14, 14]>]",int dim = 1
238,"List[Tensor] tensors = [<[1, 384, 14, 14]>, <[1, 48, 14, 14]>, <[1, 48, 14, 14]>, <[1, 48, 14, 14]>, <[1, 48, 14, 14]>, <[1, 48, 14, 14]>, <[1, 48, 14, 14]>, <[1, 48, 14, 14]>, <[1, 48, 14, 14]>, <[1, 48, 14, 14]>, <[1, 48, 14, 14]>, <[1, 48, 14, 14]>, <[1, 48, 14, 14]>, <[1, 48, 14, 14]>, <[1, 48, 14, 14]>, <[1, 48, 14, 14]>, <[1, 48, 14, 14]>, <[1, 48, 14, 14]>, <[1, 48, 14, 14]>, <[1, 48, 14, 14]>, <[1, 48, 14, 14]>, <[1, 48, 14, 14]>, <[1, 48, 14, 14]>, <[1, 48, 14, 14]>, <[1, 48, 14, 14]>, <[1, 48, 14, 14]>, <[1, 48, 14, 14]>]",int dim = 1
239,"List[Tensor] tensors = [<[1, 384, 14, 14]>, <[1, 48, 14, 14]>, <[1, 48, 14, 14]>, <[1, 48, 14, 14]>, <[1, 48, 14, 14]>, <[1, 48, 14, 14]>, <[1, 48, 14, 14]>, <[1, 48, 14, 14]>, <[1, 48, 14, 14]>, <[1, 48, 14, 14]>, <[1, 48, 14, 14]>, <[1, 48, 14, 14]>, <[1, 48, 14, 14]>, <[1, 48, 14, 14]>, <[1, 48, 14, 14]>, <[1, 48, 14, 14]>, <[1, 48, 14, 14]>, <[1, 48, 14, 14]>, <[1, 48, 14, 14]>, <[1, 48, 14, 14]>, <[1, 48, 14, 14]>, <[1, 48, 14, 14]>, <[1, 48, 14, 14]>, <[1, 48, 14, 14]>, <[1, 48, 14, 14]>, <[1, 48, 14, 14]>, <[1, 48, 14, 14]>, <[1, 48, 14, 14]>]",int dim = 1
240,"List[Tensor] tensors = [<[1, 384, 14, 14]>, <[1, 48, 14, 14]>, <[1, 48, 14, 14]>, <[1, 48, 14, 14]>, <[1, 48, 14, 14]>, <[1, 48, 14, 14]>, <[1, 48, 14, 14]>, <[1, 48, 14, 14]>, <[1, 48, 14, 14]>, <[1, 48, 14, 14]>, <[1, 48, 14, 14]>, <[1, 48, 14, 14]>, <[1, 48, 14, 14]>, <[1, 48, 14, 14]>, <[1, 48, 14, 14]>, <[1, 48, 14, 14]>, <[1, 48, 14, 14]>, <[1, 48, 14, 14]>, <[1, 48, 14, 14]>, <[1, 48, 14, 14]>, <[1, 48, 14, 14]>, <[1, 48, 14, 14]>, <[1, 48, 14, 14]>, <[1, 48, 14, 14]>, <[1, 48, 14, 14]>, <[1, 48, 14, 14]>, <[1, 48, 14, 14]>, <[1, 48, 14, 14]>, <[1, 48, 14, 14]>]",int dim = 1
241,"List[Tensor] tensors = [<[1, 384, 14, 14]>, <[1, 48, 14, 14]>, <[1, 48, 14, 14]>, <[1, 48, 14, 14]>, <[1, 48, 14, 14]>, <[1, 48, 14, 14]>, <[1, 48, 14, 14]>, <[1, 48, 14, 14]>, <[1, 48, 14, 14]>, <[1, 48, 14, 14]>, <[1, 48, 14, 14]>, <[1, 48, 14, 14]>, <[1, 48, 14, 14]>, <[1, 48, 14, 14]>, <[1, 48, 14, 14]>, <[1, 48, 14, 14]>, <[1, 48, 14, 14]>, <[1, 48, 14, 14]>, <[1, 48, 14, 14]>, <[1, 48, 14, 14]>, <[1, 48, 14, 14]>, <[1, 48, 14, 14]>, <[1, 48, 14, 14]>, <[1, 48, 14, 14]>, <[1, 48, 14, 14]>, <[1, 48, 14, 14]>, <[1, 48, 14, 14]>, <[1, 48, 14, 14]>, <[1, 48, 14, 14]>, <[1, 48, 14, 14]>]",int dim = 1
242,"List[Tensor] tensors = [<[1, 384, 14, 14]>, <[1, 48, 14, 14]>, <[1, 48, 14, 14]>, <[1, 48, 14, 14]>, <[1, 48, 14, 14]>, <[1, 48, 14, 14]>, <[1, 48, 14, 14]>, <[1, 48, 14, 14]>, <[1, 48, 14, 14]>, <[1, 48, 14, 14]>, <[1, 48, 14, 14]>, <[1, 48, 14, 14]>, <[1, 48, 14, 14]>, <[1, 48, 14, 14]>, <[1, 48, 14, 14]>, <[1, 48, 14, 14]>, <[1, 48, 14, 14]>, <[1, 48, 14, 14]>, <[1, 48, 14, 14]>, <[1, 48, 14, 14]>, <[1, 48, 14, 14]>, <[1, 48, 14, 14]>, <[1, 48, 14, 14]>, <[1, 48, 14, 14]>, <[1, 48, 14, 14]>, <[1, 48, 14, 14]>, <[1, 48, 14, 14]>, <[1, 48, 14, 14]>, <[1, 48, 14, 14]>, <[1, 48, 14, 14]>, <[1, 48, 14, 14]>]",int dim = 1
243,"List[Tensor] tensors = [<[1, 384, 14, 14]>, <[1, 48, 14, 14]>, <[1, 48, 14, 14]>, <[1, 48, 14, 14]>, <[1, 48, 14, 14]>, <[1, 48, 14, 14]>, <[1, 48, 14, 14]>, <[1, 48, 14, 14]>, <[1, 48, 14, 14]>, <[1, 48, 14, 14]>, <[1, 48, 14, 14]>, <[1, 48, 14, 14]>, <[1, 48, 14, 14]>, <[1, 48, 14, 14]>, <[1, 48, 14, 14]>, <[1, 48, 14, 14]>, <[1, 48, 14, 14]>, <[1, 48, 14, 14]>, <[1, 48, 14, 14]>, <[1, 48, 14, 14]>, <[1, 48, 14, 14]>, <[1, 48, 14, 14]>, <[1, 48, 14, 14]>, <[1, 48, 14, 14]>, <[1, 48, 14, 14]>, <[1, 48, 14, 14]>, <[1, 48, 14, 14]>, <[1, 48, 14, 14]>, <[1, 48, 14, 14]>, <[1, 48, 14, 14]>, <[1, 48, 14, 14]>, <[1, 48, 14, 14]>]",int dim = 1
244,"List[Tensor] tensors = [<[1, 384, 14, 14]>, <[1, 48, 14, 14]>, <[1, 48, 14, 14]>, <[1, 48, 14, 14]>, <[1, 48, 14, 14]>, <[1, 48, 14, 14]>, <[1, 48, 14, 14]>, <[1, 48, 14, 14]>, <[1, 48, 14, 14]>, <[1, 48, 14, 14]>, <[1, 48, 14, 14]>, <[1, 48, 14, 14]>, <[1, 48, 14, 14]>, <[1, 48, 14, 14]>, <[1, 48, 14, 14]>, <[1, 48, 14, 14]>, <[1, 48, 14, 14]>, <[1, 48, 14, 14]>, <[1, 48, 14, 14]>, <[1, 48, 14, 14]>, <[1, 48, 14, 14]>, <[1, 48, 14, 14]>, <[1, 48, 14, 14]>, <[1, 48, 14, 14]>, <[1, 48, 14, 14]>, <[1, 48, 14, 14]>, <[1, 48, 14, 14]>, <[1, 48, 14, 14]>, <[1, 48, 14, 14]>, <[1, 48, 14, 14]>, <[1, 48, 14, 14]>, <[1, 48, 14, 14]>, <[1, 48, 14, 14]>]",int dim = 1
245,"List[Tensor] tensors = [<[1, 384, 14, 14]>, <[1, 48, 14, 14]>, <[1, 48, 14, 14]>, <[1, 48, 14, 14]>, <[1, 48, 14, 14]>, <[1, 48, 14, 14]>, <[1, 48, 14, 14]>, <[1, 48, 14, 14]>, <[1, 48, 14, 14]>, <[1, 48, 14, 14]>, <[1, 48, 14, 14]>, <[1, 48, 14, 14]>, <[1, 48, 14, 14]>, <[1, 48, 14, 14]>, <[1, 48, 14, 14]>, <[1, 48, 14, 14]>, <[1, 48, 14, 14]>, <[1, 48, 14, 14]>, <[1, 48, 14, 14]>, <[1, 48, 14, 14]>, <[1, 48, 14, 14]>, <[1, 48, 14, 14]>, <[1, 48, 14, 14]>, <[1, 48, 14, 14]>, <[1, 48, 14, 14]>, <[1, 48, 14, 14]>, <[1, 48, 14, 14]>, <[1, 48, 14, 14]>, <[1, 48, 14, 14]>, <[1, 48, 14, 14]>, <[1, 48, 14, 14]>, <[1, 48, 14, 14]>, <[1, 48, 14, 14]>, <[1, 48, 14, 14]>]",int dim = 1
246,"List[Tensor] tensors = [<[1, 384, 14, 14]>, <[1, 48, 14, 14]>, <[1, 48, 14, 14]>, <[1, 48, 14, 14]>, <[1, 48, 14, 14]>, <[1, 48, 14, 14]>, <[1, 48, 14, 14]>, <[1, 48, 14, 14]>, <[1, 48, 14, 14]>, <[1, 48, 14, 14]>, <[1, 48, 14, 14]>, <[1, 48, 14, 14]>, <[1, 48, 14, 14]>, <[1, 48, 14, 14]>, <[1, 48, 14, 14]>, <[1, 48, 14, 14]>, <[1, 48, 14, 14]>, <[1, 48, 14, 14]>, <[1, 48, 14, 14]>, <[1, 48, 14, 14]>, <[1, 48, 14, 14]>, <[1, 48, 14, 14]>, <[1, 48, 14, 14]>, <[1, 48, 14, 14]>, <[1, 48, 14, 14]>, <[1, 48, 14, 14]>, <[1, 48, 14, 14]>, <[1, 48, 14, 14]>, <[1, 48, 14, 14]>, <[1, 48, 14, 14]>, <[1, 48, 14, 14]>, <[1, 48, 14, 14]>, <[1, 48, 14, 14]>, <[1, 48, 14, 14]>, <[1, 48, 14, 14]>]",int dim = 1
247,"List[Tensor] tensors = [<[1, 384, 14, 14]>, <[1, 48, 14, 14]>, <[1, 48, 14, 14]>, <[1, 48, 14, 14]>, <[1, 48, 14, 14]>, <[1, 48, 14, 14]>, <[1, 48, 14, 14]>, <[1, 48, 14, 14]>, <[1, 48, 14, 14]>, <[1, 48, 14, 14]>, <[1, 48, 14, 14]>, <[1, 48, 14, 14]>, <[1, 48, 14, 14]>, <[1, 48, 14, 14]>, <[1, 48, 14, 14]>, <[1, 48, 14, 14]>, <[1, 48, 14, 14]>, <[1, 48, 14, 14]>, <[1, 48, 14, 14]>, <[1, 48, 14, 14]>, <[1, 48, 14, 14]>, <[1, 48, 14, 14]>, <[1, 48, 14, 14]>, <[1, 48, 14, 14]>, <[1, 48, 14, 14]>, <[1, 48, 14, 14]>, <[1, 48, 14, 14]>, <[1, 48, 14, 14]>, <[1, 48, 14, 14]>, <[1, 48, 14, 14]>, <[1, 48, 14, 14]>, <[1, 48, 14, 14]>, <[1, 48, 14, 14]>, <[1, 48, 14, 14]>, <[1, 48, 14, 14]>, <[1, 48, 14, 14]>]",int dim = 1
248,"List[Tensor] tensors = [<[1, 384, 14, 14]>, <[1, 48, 14, 14]>, <[1, 48, 14, 14]>, <[1, 48, 14, 14]>, <[1, 48, 14, 14]>, <[1, 48, 14, 14]>, <[1, 48, 14, 14]>, <[1, 48, 14, 14]>, <[1, 48, 14, 14]>, <[1, 48, 14, 14]>, <[1, 48, 14, 14]>, <[1, 48, 14, 14]>, <[1, 48, 14, 14]>, <[1, 48, 14, 14]>, <[1, 48, 14, 14]>, <[1, 48, 14, 14]>, <[1, 48, 14, 14]>, <[1, 48, 14, 14]>, <[1, 48, 14, 14]>, <[1, 48, 14, 14]>, <[1, 48, 14, 14]>, <[1, 48, 14, 14]>, <[1, 48, 14, 14]>, <[1, 48, 14, 14]>, <[1, 48, 14, 14]>, <[1, 48, 14, 14]>, <[1, 48, 14, 14]>, <[1, 48, 14, 14]>, <[1, 48, 14, 14]>, <[1, 48, 14, 14]>, <[1, 48, 14, 14]>, <[1, 48, 14, 14]>, <[1, 48, 14, 14]>, <[1, 48, 14, 14]>, <[1, 48, 14, 14]>, <[1, 48, 14, 14]>, <[1, 48, 14, 14]>]",int dim = 1
249,"List[Tensor] tensors = [<[1, 1056, 7, 7]>]",int dim = 1
250,"List[Tensor] tensors = [<[1, 1056, 7, 7]>, <[1, 48, 7, 7]>]",int dim = 1
251,"List[Tensor] tensors = [<[1, 1056, 7, 7]>, <[1, 48, 7, 7]>, <[1, 48, 7, 7]>]",int dim = 1
252,"List[Tensor] tensors = [<[1, 1056, 7, 7]>, <[1, 48, 7, 7]>, <[1, 48, 7, 7]>, <[1, 48, 7, 7]>]",int dim = 1
253,"List[Tensor] tensors = [<[1, 1056, 7, 7]>, <[1, 48, 7, 7]>, <[1, 48, 7, 7]>, <[1, 48, 7, 7]>, <[1, 48, 7, 7]>]",int dim = 1
254,"List[Tensor] tensors = [<[1, 1056, 7, 7]>, <[1, 48, 7, 7]>, <[1, 48, 7, 7]>, <[1, 48, 7, 7]>, <[1, 48, 7, 7]>, <[1, 48, 7, 7]>]",int dim = 1
255,"List[Tensor] tensors = [<[1, 1056, 7, 7]>, <[1, 48, 7, 7]>, <[1, 48, 7, 7]>, <[1, 48, 7, 7]>, <[1, 48, 7, 7]>, <[1, 48, 7, 7]>, <[1, 48, 7, 7]>]",int dim = 1
256,"List[Tensor] tensors = [<[1, 1056, 7, 7]>, <[1, 48, 7, 7]>, <[1, 48, 7, 7]>, <[1, 48, 7, 7]>, <[1, 48, 7, 7]>, <[1, 48, 7, 7]>, <[1, 48, 7, 7]>, <[1, 48, 7, 7]>]",int dim = 1
257,"List[Tensor] tensors = [<[1, 1056, 7, 7]>, <[1, 48, 7, 7]>, <[1, 48, 7, 7]>, <[1, 48, 7, 7]>, <[1, 48, 7, 7]>, <[1, 48, 7, 7]>, <[1, 48, 7, 7]>, <[1, 48, 7, 7]>, <[1, 48, 7, 7]>]",int dim = 1
258,"List[Tensor] tensors = [<[1, 1056, 7, 7]>, <[1, 48, 7, 7]>, <[1, 48, 7, 7]>, <[1, 48, 7, 7]>, <[1, 48, 7, 7]>, <[1, 48, 7, 7]>, <[1, 48, 7, 7]>, <[1, 48, 7, 7]>, <[1, 48, 7, 7]>, <[1, 48, 7, 7]>]",int dim = 1
259,"List[Tensor] tensors = [<[1, 1056, 7, 7]>, <[1, 48, 7, 7]>, <[1, 48, 7, 7]>, <[1, 48, 7, 7]>, <[1, 48, 7, 7]>, <[1, 48, 7, 7]>, <[1, 48, 7, 7]>, <[1, 48, 7, 7]>, <[1, 48, 7, 7]>, <[1, 48, 7, 7]>, <[1, 48, 7, 7]>]",int dim = 1
260,"List[Tensor] tensors = [<[1, 1056, 7, 7]>, <[1, 48, 7, 7]>, <[1, 48, 7, 7]>, <[1, 48, 7, 7]>, <[1, 48, 7, 7]>, <[1, 48, 7, 7]>, <[1, 48, 7, 7]>, <[1, 48, 7, 7]>, <[1, 48, 7, 7]>, <[1, 48, 7, 7]>, <[1, 48, 7, 7]>, <[1, 48, 7, 7]>]",int dim = 1
261,"List[Tensor] tensors = [<[1, 1056, 7, 7]>, <[1, 48, 7, 7]>, <[1, 48, 7, 7]>, <[1, 48, 7, 7]>, <[1, 48, 7, 7]>, <[1, 48, 7, 7]>, <[1, 48, 7, 7]>, <[1, 48, 7, 7]>, <[1, 48, 7, 7]>, <[1, 48, 7, 7]>, <[1, 48, 7, 7]>, <[1, 48, 7, 7]>, <[1, 48, 7, 7]>]",int dim = 1
262,"List[Tensor] tensors = [<[1, 1056, 7, 7]>, <[1, 48, 7, 7]>, <[1, 48, 7, 7]>, <[1, 48, 7, 7]>, <[1, 48, 7, 7]>, <[1, 48, 7, 7]>, <[1, 48, 7, 7]>, <[1, 48, 7, 7]>, <[1, 48, 7, 7]>, <[1, 48, 7, 7]>, <[1, 48, 7, 7]>, <[1, 48, 7, 7]>, <[1, 48, 7, 7]>, <[1, 48, 7, 7]>]",int dim = 1
263,"List[Tensor] tensors = [<[1, 1056, 7, 7]>, <[1, 48, 7, 7]>, <[1, 48, 7, 7]>, <[1, 48, 7, 7]>, <[1, 48, 7, 7]>, <[1, 48, 7, 7]>, <[1, 48, 7, 7]>, <[1, 48, 7, 7]>, <[1, 48, 7, 7]>, <[1, 48, 7, 7]>, <[1, 48, 7, 7]>, <[1, 48, 7, 7]>, <[1, 48, 7, 7]>, <[1, 48, 7, 7]>, <[1, 48, 7, 7]>]",int dim = 1
264,"List[Tensor] tensors = [<[1, 1056, 7, 7]>, <[1, 48, 7, 7]>, <[1, 48, 7, 7]>, <[1, 48, 7, 7]>, <[1, 48, 7, 7]>, <[1, 48, 7, 7]>, <[1, 48, 7, 7]>, <[1, 48, 7, 7]>, <[1, 48, 7, 7]>, <[1, 48, 7, 7]>, <[1, 48, 7, 7]>, <[1, 48, 7, 7]>, <[1, 48, 7, 7]>, <[1, 48, 7, 7]>, <[1, 48, 7, 7]>, <[1, 48, 7, 7]>]",int dim = 1
265,"List[Tensor] tensors = [<[1, 1056, 7, 7]>, <[1, 48, 7, 7]>, <[1, 48, 7, 7]>, <[1, 48, 7, 7]>, <[1, 48, 7, 7]>, <[1, 48, 7, 7]>, <[1, 48, 7, 7]>, <[1, 48, 7, 7]>, <[1, 48, 7, 7]>, <[1, 48, 7, 7]>, <[1, 48, 7, 7]>, <[1, 48, 7, 7]>, <[1, 48, 7, 7]>, <[1, 48, 7, 7]>, <[1, 48, 7, 7]>, <[1, 48, 7, 7]>, <[1, 48, 7, 7]>]",int dim = 1
266,"List[Tensor] tensors = [<[1, 1056, 7, 7]>, <[1, 48, 7, 7]>, <[1, 48, 7, 7]>, <[1, 48, 7, 7]>, <[1, 48, 7, 7]>, <[1, 48, 7, 7]>, <[1, 48, 7, 7]>, <[1, 48, 7, 7]>, <[1, 48, 7, 7]>, <[1, 48, 7, 7]>, <[1, 48, 7, 7]>, <[1, 48, 7, 7]>, <[1, 48, 7, 7]>, <[1, 48, 7, 7]>, <[1, 48, 7, 7]>, <[1, 48, 7, 7]>, <[1, 48, 7, 7]>, <[1, 48, 7, 7]>]",int dim = 1
267,"List[Tensor] tensors = [<[1, 1056, 7, 7]>, <[1, 48, 7, 7]>, <[1, 48, 7, 7]>, <[1, 48, 7, 7]>, <[1, 48, 7, 7]>, <[1, 48, 7, 7]>, <[1, 48, 7, 7]>, <[1, 48, 7, 7]>, <[1, 48, 7, 7]>, <[1, 48, 7, 7]>, <[1, 48, 7, 7]>, <[1, 48, 7, 7]>, <[1, 48, 7, 7]>, <[1, 48, 7, 7]>, <[1, 48, 7, 7]>, <[1, 48, 7, 7]>, <[1, 48, 7, 7]>, <[1, 48, 7, 7]>, <[1, 48, 7, 7]>]",int dim = 1
268,"List[Tensor] tensors = [<[1, 1056, 7, 7]>, <[1, 48, 7, 7]>, <[1, 48, 7, 7]>, <[1, 48, 7, 7]>, <[1, 48, 7, 7]>, <[1, 48, 7, 7]>, <[1, 48, 7, 7]>, <[1, 48, 7, 7]>, <[1, 48, 7, 7]>, <[1, 48, 7, 7]>, <[1, 48, 7, 7]>, <[1, 48, 7, 7]>, <[1, 48, 7, 7]>, <[1, 48, 7, 7]>, <[1, 48, 7, 7]>, <[1, 48, 7, 7]>, <[1, 48, 7, 7]>, <[1, 48, 7, 7]>, <[1, 48, 7, 7]>, <[1, 48, 7, 7]>]",int dim = 1
269,"List[Tensor] tensors = [<[1, 1056, 7, 7]>, <[1, 48, 7, 7]>, <[1, 48, 7, 7]>, <[1, 48, 7, 7]>, <[1, 48, 7, 7]>, <[1, 48, 7, 7]>, <[1, 48, 7, 7]>, <[1, 48, 7, 7]>, <[1, 48, 7, 7]>, <[1, 48, 7, 7]>, <[1, 48, 7, 7]>, <[1, 48, 7, 7]>, <[1, 48, 7, 7]>, <[1, 48, 7, 7]>, <[1, 48, 7, 7]>, <[1, 48, 7, 7]>, <[1, 48, 7, 7]>, <[1, 48, 7, 7]>, <[1, 48, 7, 7]>, <[1, 48, 7, 7]>, <[1, 48, 7, 7]>]",int dim = 1
270,"List[Tensor] tensors = [<[1, 1056, 7, 7]>, <[1, 48, 7, 7]>, <[1, 48, 7, 7]>, <[1, 48, 7, 7]>, <[1, 48, 7, 7]>, <[1, 48, 7, 7]>, <[1, 48, 7, 7]>, <[1, 48, 7, 7]>, <[1, 48, 7, 7]>, <[1, 48, 7, 7]>, <[1, 48, 7, 7]>, <[1, 48, 7, 7]>, <[1, 48, 7, 7]>, <[1, 48, 7, 7]>, <[1, 48, 7, 7]>, <[1, 48, 7, 7]>, <[1, 48, 7, 7]>, <[1, 48, 7, 7]>, <[1, 48, 7, 7]>, <[1, 48, 7, 7]>, <[1, 48, 7, 7]>, <[1, 48, 7, 7]>]",int dim = 1
271,"List[Tensor] tensors = [<[1, 1056, 7, 7]>, <[1, 48, 7, 7]>, <[1, 48, 7, 7]>, <[1, 48, 7, 7]>, <[1, 48, 7, 7]>, <[1, 48, 7, 7]>, <[1, 48, 7, 7]>, <[1, 48, 7, 7]>, <[1, 48, 7, 7]>, <[1, 48, 7, 7]>, <[1, 48, 7, 7]>, <[1, 48, 7, 7]>, <[1, 48, 7, 7]>, <[1, 48, 7, 7]>, <[1, 48, 7, 7]>, <[1, 48, 7, 7]>, <[1, 48, 7, 7]>, <[1, 48, 7, 7]>, <[1, 48, 7, 7]>, <[1, 48, 7, 7]>, <[1, 48, 7, 7]>, <[1, 48, 7, 7]>, <[1, 48, 7, 7]>]",int dim = 1
272,"List[Tensor] tensors = [<[1, 1056, 7, 7]>, <[1, 48, 7, 7]>, <[1, 48, 7, 7]>, <[1, 48, 7, 7]>, <[1, 48, 7, 7]>, <[1, 48, 7, 7]>, <[1, 48, 7, 7]>, <[1, 48, 7, 7]>, <[1, 48, 7, 7]>, <[1, 48, 7, 7]>, <[1, 48, 7, 7]>, <[1, 48, 7, 7]>, <[1, 48, 7, 7]>, <[1, 48, 7, 7]>, <[1, 48, 7, 7]>, <[1, 48, 7, 7]>, <[1, 48, 7, 7]>, <[1, 48, 7, 7]>, <[1, 48, 7, 7]>, <[1, 48, 7, 7]>, <[1, 48, 7, 7]>, <[1, 48, 7, 7]>, <[1, 48, 7, 7]>, <[1, 48, 7, 7]>]",int dim = 1
273,"List[Tensor] tensors = [<[1, 1056, 7, 7]>, <[1, 48, 7, 7]>, <[1, 48, 7, 7]>, <[1, 48, 7, 7]>, <[1, 48, 7, 7]>, <[1, 48, 7, 7]>, <[1, 48, 7, 7]>, <[1, 48, 7, 7]>, <[1, 48, 7, 7]>, <[1, 48, 7, 7]>, <[1, 48, 7, 7]>, <[1, 48, 7, 7]>, <[1, 48, 7, 7]>, <[1, 48, 7, 7]>, <[1, 48, 7, 7]>, <[1, 48, 7, 7]>, <[1, 48, 7, 7]>, <[1, 48, 7, 7]>, <[1, 48, 7, 7]>, <[1, 48, 7, 7]>, <[1, 48, 7, 7]>, <[1, 48, 7, 7]>, <[1, 48, 7, 7]>, <[1, 48, 7, 7]>, <[1, 48, 7, 7]>]",int dim = 1
274,"List[Tensor] tensors = [<[1, 256, 14, 14]>, <[1, 32, 14, 14]>, <[1, 32, 14, 14]>, <[1, 32, 14, 14]>, <[1, 32, 14, 14]>, <[1, 32, 14, 14]>, <[1, 32, 14, 14]>, <[1, 32, 14, 14]>, <[1, 32, 14, 14]>, <[1, 32, 14, 14]>, <[1, 32, 14, 14]>, <[1, 32, 14, 14]>, <[1, 32, 14, 14]>, <[1, 32, 14, 14]>, <[1, 32, 14, 14]>, <[1, 32, 14, 14]>, <[1, 32, 14, 14]>, <[1, 32, 14, 14]>, <[1, 32, 14, 14]>, <[1, 32, 14, 14]>, <[1, 32, 14, 14]>, <[1, 32, 14, 14]>, <[1, 32, 14, 14]>, <[1, 32, 14, 14]>, <[1, 32, 14, 14]>, <[1, 32, 14, 14]>]",int dim = 1
275,"List[Tensor] tensors = [<[1, 256, 14, 14]>, <[1, 32, 14, 14]>, <[1, 32, 14, 14]>, <[1, 32, 14, 14]>, <[1, 32, 14, 14]>, <[1, 32, 14, 14]>, <[1, 32, 14, 14]>, <[1, 32, 14, 14]>, <[1, 32, 14, 14]>, <[1, 32, 14, 14]>, <[1, 32, 14, 14]>, <[1, 32, 14, 14]>, <[1, 32, 14, 14]>, <[1, 32, 14, 14]>, <[1, 32, 14, 14]>, <[1, 32, 14, 14]>, <[1, 32, 14, 14]>, <[1, 32, 14, 14]>, <[1, 32, 14, 14]>, <[1, 32, 14, 14]>, <[1, 32, 14, 14]>, <[1, 32, 14, 14]>, <[1, 32, 14, 14]>, <[1, 32, 14, 14]>, <[1, 32, 14, 14]>, <[1, 32, 14, 14]>, <[1, 32, 14, 14]>]",int dim = 1
276,"List[Tensor] tensors = [<[1, 256, 14, 14]>, <[1, 32, 14, 14]>, <[1, 32, 14, 14]>, <[1, 32, 14, 14]>, <[1, 32, 14, 14]>, <[1, 32, 14, 14]>, <[1, 32, 14, 14]>, <[1, 32, 14, 14]>, <[1, 32, 14, 14]>, <[1, 32, 14, 14]>, <[1, 32, 14, 14]>, <[1, 32, 14, 14]>, <[1, 32, 14, 14]>, <[1, 32, 14, 14]>, <[1, 32, 14, 14]>, <[1, 32, 14, 14]>, <[1, 32, 14, 14]>, <[1, 32, 14, 14]>, <[1, 32, 14, 14]>, <[1, 32, 14, 14]>, <[1, 32, 14, 14]>, <[1, 32, 14, 14]>, <[1, 32, 14, 14]>, <[1, 32, 14, 14]>, <[1, 32, 14, 14]>, <[1, 32, 14, 14]>, <[1, 32, 14, 14]>, <[1, 32, 14, 14]>]",int dim = 1
277,"List[Tensor] tensors = [<[1, 256, 14, 14]>, <[1, 32, 14, 14]>, <[1, 32, 14, 14]>, <[1, 32, 14, 14]>, <[1, 32, 14, 14]>, <[1, 32, 14, 14]>, <[1, 32, 14, 14]>, <[1, 32, 14, 14]>, <[1, 32, 14, 14]>, <[1, 32, 14, 14]>, <[1, 32, 14, 14]>, <[1, 32, 14, 14]>, <[1, 32, 14, 14]>, <[1, 32, 14, 14]>, <[1, 32, 14, 14]>, <[1, 32, 14, 14]>, <[1, 32, 14, 14]>, <[1, 32, 14, 14]>, <[1, 32, 14, 14]>, <[1, 32, 14, 14]>, <[1, 32, 14, 14]>, <[1, 32, 14, 14]>, <[1, 32, 14, 14]>, <[1, 32, 14, 14]>, <[1, 32, 14, 14]>, <[1, 32, 14, 14]>, <[1, 32, 14, 14]>, <[1, 32, 14, 14]>, <[1, 32, 14, 14]>]",int dim = 1
278,"List[Tensor] tensors = [<[1, 256, 14, 14]>, <[1, 32, 14, 14]>, <[1, 32, 14, 14]>, <[1, 32, 14, 14]>, <[1, 32, 14, 14]>, <[1, 32, 14, 14]>, <[1, 32, 14, 14]>, <[1, 32, 14, 14]>, <[1, 32, 14, 14]>, <[1, 32, 14, 14]>, <[1, 32, 14, 14]>, <[1, 32, 14, 14]>, <[1, 32, 14, 14]>, <[1, 32, 14, 14]>, <[1, 32, 14, 14]>, <[1, 32, 14, 14]>, <[1, 32, 14, 14]>, <[1, 32, 14, 14]>, <[1, 32, 14, 14]>, <[1, 32, 14, 14]>, <[1, 32, 14, 14]>, <[1, 32, 14, 14]>, <[1, 32, 14, 14]>, <[1, 32, 14, 14]>, <[1, 32, 14, 14]>, <[1, 32, 14, 14]>, <[1, 32, 14, 14]>, <[1, 32, 14, 14]>, <[1, 32, 14, 14]>, <[1, 32, 14, 14]>]",int dim = 1
279,"List[Tensor] tensors = [<[1, 256, 14, 14]>, <[1, 32, 14, 14]>, <[1, 32, 14, 14]>, <[1, 32, 14, 14]>, <[1, 32, 14, 14]>, <[1, 32, 14, 14]>, <[1, 32, 14, 14]>, <[1, 32, 14, 14]>, <[1, 32, 14, 14]>, <[1, 32, 14, 14]>, <[1, 32, 14, 14]>, <[1, 32, 14, 14]>, <[1, 32, 14, 14]>, <[1, 32, 14, 14]>, <[1, 32, 14, 14]>, <[1, 32, 14, 14]>, <[1, 32, 14, 14]>, <[1, 32, 14, 14]>, <[1, 32, 14, 14]>, <[1, 32, 14, 14]>, <[1, 32, 14, 14]>, <[1, 32, 14, 14]>, <[1, 32, 14, 14]>, <[1, 32, 14, 14]>, <[1, 32, 14, 14]>, <[1, 32, 14, 14]>, <[1, 32, 14, 14]>, <[1, 32, 14, 14]>, <[1, 32, 14, 14]>, <[1, 32, 14, 14]>, <[1, 32, 14, 14]>]",int dim = 1
280,"List[Tensor] tensors = [<[1, 256, 14, 14]>, <[1, 32, 14, 14]>, <[1, 32, 14, 14]>, <[1, 32, 14, 14]>, <[1, 32, 14, 14]>, <[1, 32, 14, 14]>, <[1, 32, 14, 14]>, <[1, 32, 14, 14]>, <[1, 32, 14, 14]>, <[1, 32, 14, 14]>, <[1, 32, 14, 14]>, <[1, 32, 14, 14]>, <[1, 32, 14, 14]>, <[1, 32, 14, 14]>, <[1, 32, 14, 14]>, <[1, 32, 14, 14]>, <[1, 32, 14, 14]>, <[1, 32, 14, 14]>, <[1, 32, 14, 14]>, <[1, 32, 14, 14]>, <[1, 32, 14, 14]>, <[1, 32, 14, 14]>, <[1, 32, 14, 14]>, <[1, 32, 14, 14]>, <[1, 32, 14, 14]>, <[1, 32, 14, 14]>, <[1, 32, 14, 14]>, <[1, 32, 14, 14]>, <[1, 32, 14, 14]>, <[1, 32, 14, 14]>, <[1, 32, 14, 14]>, <[1, 32, 14, 14]>]",int dim = 1
281,"List[Tensor] tensors = [<[1, 256, 14, 14]>, <[1, 32, 14, 14]>, <[1, 32, 14, 14]>, <[1, 32, 14, 14]>, <[1, 32, 14, 14]>, <[1, 32, 14, 14]>, <[1, 32, 14, 14]>, <[1, 32, 14, 14]>, <[1, 32, 14, 14]>, <[1, 32, 14, 14]>, <[1, 32, 14, 14]>, <[1, 32, 14, 14]>, <[1, 32, 14, 14]>, <[1, 32, 14, 14]>, <[1, 32, 14, 14]>, <[1, 32, 14, 14]>, <[1, 32, 14, 14]>, <[1, 32, 14, 14]>, <[1, 32, 14, 14]>, <[1, 32, 14, 14]>, <[1, 32, 14, 14]>, <[1, 32, 14, 14]>, <[1, 32, 14, 14]>, <[1, 32, 14, 14]>, <[1, 32, 14, 14]>, <[1, 32, 14, 14]>, <[1, 32, 14, 14]>, <[1, 32, 14, 14]>, <[1, 32, 14, 14]>, <[1, 32, 14, 14]>, <[1, 32, 14, 14]>, <[1, 32, 14, 14]>, <[1, 32, 14, 14]>]",int dim = 1
282,"List[Tensor] tensors = [<[1, 640, 7, 7]>]",int dim = 1
283,"List[Tensor] tensors = [<[1, 640, 7, 7]>, <[1, 32, 7, 7]>]",int dim = 1
284,"List[Tensor] tensors = [<[1, 640, 7, 7]>, <[1, 32, 7, 7]>, <[1, 32, 7, 7]>]",int dim = 1
285,"List[Tensor] tensors = [<[1, 640, 7, 7]>, <[1, 32, 7, 7]>, <[1, 32, 7, 7]>, <[1, 32, 7, 7]>]",int dim = 1
286,"List[Tensor] tensors = [<[1, 640, 7, 7]>, <[1, 32, 7, 7]>, <[1, 32, 7, 7]>, <[1, 32, 7, 7]>, <[1, 32, 7, 7]>]",int dim = 1
287,"List[Tensor] tensors = [<[1, 640, 7, 7]>, <[1, 32, 7, 7]>, <[1, 32, 7, 7]>, <[1, 32, 7, 7]>, <[1, 32, 7, 7]>, <[1, 32, 7, 7]>]",int dim = 1
288,"List[Tensor] tensors = [<[1, 640, 7, 7]>, <[1, 32, 7, 7]>, <[1, 32, 7, 7]>, <[1, 32, 7, 7]>, <[1, 32, 7, 7]>, <[1, 32, 7, 7]>, <[1, 32, 7, 7]>]",int dim = 1
289,"List[Tensor] tensors = [<[1, 640, 7, 7]>, <[1, 32, 7, 7]>, <[1, 32, 7, 7]>, <[1, 32, 7, 7]>, <[1, 32, 7, 7]>, <[1, 32, 7, 7]>, <[1, 32, 7, 7]>, <[1, 32, 7, 7]>]",int dim = 1
290,"List[Tensor] tensors = [<[1, 640, 7, 7]>, <[1, 32, 7, 7]>, <[1, 32, 7, 7]>, <[1, 32, 7, 7]>, <[1, 32, 7, 7]>, <[1, 32, 7, 7]>, <[1, 32, 7, 7]>, <[1, 32, 7, 7]>, <[1, 32, 7, 7]>]",int dim = 1
291,"List[Tensor] tensors = [<[1, 640, 7, 7]>, <[1, 32, 7, 7]>, <[1, 32, 7, 7]>, <[1, 32, 7, 7]>, <[1, 32, 7, 7]>, <[1, 32, 7, 7]>, <[1, 32, 7, 7]>, <[1, 32, 7, 7]>, <[1, 32, 7, 7]>, <[1, 32, 7, 7]>]",int dim = 1
292,"List[Tensor] tensors = [<[1, 640, 7, 7]>, <[1, 32, 7, 7]>, <[1, 32, 7, 7]>, <[1, 32, 7, 7]>, <[1, 32, 7, 7]>, <[1, 32, 7, 7]>, <[1, 32, 7, 7]>, <[1, 32, 7, 7]>, <[1, 32, 7, 7]>, <[1, 32, 7, 7]>, <[1, 32, 7, 7]>]",int dim = 1
293,"List[Tensor] tensors = [<[1, 640, 7, 7]>, <[1, 32, 7, 7]>, <[1, 32, 7, 7]>, <[1, 32, 7, 7]>, <[1, 32, 7, 7]>, <[1, 32, 7, 7]>, <[1, 32, 7, 7]>, <[1, 32, 7, 7]>, <[1, 32, 7, 7]>, <[1, 32, 7, 7]>, <[1, 32, 7, 7]>, <[1, 32, 7, 7]>]",int dim = 1
294,"List[Tensor] tensors = [<[1, 640, 7, 7]>, <[1, 32, 7, 7]>, <[1, 32, 7, 7]>, <[1, 32, 7, 7]>, <[1, 32, 7, 7]>, <[1, 32, 7, 7]>, <[1, 32, 7, 7]>, <[1, 32, 7, 7]>, <[1, 32, 7, 7]>, <[1, 32, 7, 7]>, <[1, 32, 7, 7]>, <[1, 32, 7, 7]>, <[1, 32, 7, 7]>]",int dim = 1
295,"List[Tensor] tensors = [<[1, 640, 7, 7]>, <[1, 32, 7, 7]>, <[1, 32, 7, 7]>, <[1, 32, 7, 7]>, <[1, 32, 7, 7]>, <[1, 32, 7, 7]>, <[1, 32, 7, 7]>, <[1, 32, 7, 7]>, <[1, 32, 7, 7]>, <[1, 32, 7, 7]>, <[1, 32, 7, 7]>, <[1, 32, 7, 7]>, <[1, 32, 7, 7]>, <[1, 32, 7, 7]>]",int dim = 1
296,"List[Tensor] tensors = [<[1, 640, 7, 7]>, <[1, 32, 7, 7]>, <[1, 32, 7, 7]>, <[1, 32, 7, 7]>, <[1, 32, 7, 7]>, <[1, 32, 7, 7]>, <[1, 32, 7, 7]>, <[1, 32, 7, 7]>, <[1, 32, 7, 7]>, <[1, 32, 7, 7]>, <[1, 32, 7, 7]>, <[1, 32, 7, 7]>, <[1, 32, 7, 7]>, <[1, 32, 7, 7]>, <[1, 32, 7, 7]>]",int dim = 1
297,"List[Tensor] tensors = [<[1, 640, 7, 7]>, <[1, 32, 7, 7]>, <[1, 32, 7, 7]>, <[1, 32, 7, 7]>, <[1, 32, 7, 7]>, <[1, 32, 7, 7]>, <[1, 32, 7, 7]>, <[1, 32, 7, 7]>, <[1, 32, 7, 7]>, <[1, 32, 7, 7]>, <[1, 32, 7, 7]>, <[1, 32, 7, 7]>, <[1, 32, 7, 7]>, <[1, 32, 7, 7]>, <[1, 32, 7, 7]>, <[1, 32, 7, 7]>]",int dim = 1
298,"List[Tensor] tensors = [<[1, 640, 7, 7]>, <[1, 32, 7, 7]>, <[1, 32, 7, 7]>, <[1, 32, 7, 7]>, <[1, 32, 7, 7]>, <[1, 32, 7, 7]>, <[1, 32, 7, 7]>, <[1, 32, 7, 7]>, <[1, 32, 7, 7]>, <[1, 32, 7, 7]>, <[1, 32, 7, 7]>, <[1, 32, 7, 7]>, <[1, 32, 7, 7]>, <[1, 32, 7, 7]>, <[1, 32, 7, 7]>, <[1, 32, 7, 7]>, <[1, 32, 7, 7]>]",int dim = 1
299,"List[Tensor] tensors = [<[1, 640, 7, 7]>, <[1, 32, 7, 7]>, <[1, 32, 7, 7]>, <[1, 32, 7, 7]>, <[1, 32, 7, 7]>, <[1, 32, 7, 7]>, <[1, 32, 7, 7]>, <[1, 32, 7, 7]>, <[1, 32, 7, 7]>, <[1, 32, 7, 7]>, <[1, 32, 7, 7]>, <[1, 32, 7, 7]>, <[1, 32, 7, 7]>, <[1, 32, 7, 7]>, <[1, 32, 7, 7]>, <[1, 32, 7, 7]>, <[1, 32, 7, 7]>, <[1, 32, 7, 7]>]",int dim = 1
300,"List[Tensor] tensors = [<[1, 640, 7, 7]>, <[1, 32, 7, 7]>, <[1, 32, 7, 7]>, <[1, 32, 7, 7]>, <[1, 32, 7, 7]>, <[1, 32, 7, 7]>, <[1, 32, 7, 7]>, <[1, 32, 7, 7]>, <[1, 32, 7, 7]>, <[1, 32, 7, 7]>, <[1, 32, 7, 7]>, <[1, 32, 7, 7]>, <[1, 32, 7, 7]>, <[1, 32, 7, 7]>, <[1, 32, 7, 7]>, <[1, 32, 7, 7]>, <[1, 32, 7, 7]>, <[1, 32, 7, 7]>, <[1, 32, 7, 7]>]",int dim = 1
301,"List[Tensor] tensors = [<[1, 640, 7, 7]>, <[1, 32, 7, 7]>, <[1, 32, 7, 7]>, <[1, 32, 7, 7]>, <[1, 32, 7, 7]>, <[1, 32, 7, 7]>, <[1, 32, 7, 7]>, <[1, 32, 7, 7]>, <[1, 32, 7, 7]>, <[1, 32, 7, 7]>, <[1, 32, 7, 7]>, <[1, 32, 7, 7]>, <[1, 32, 7, 7]>, <[1, 32, 7, 7]>, <[1, 32, 7, 7]>, <[1, 32, 7, 7]>, <[1, 32, 7, 7]>, <[1, 32, 7, 7]>, <[1, 32, 7, 7]>, <[1, 32, 7, 7]>]",int dim = 1
302,"List[Tensor] tensors = [<[1, 640, 7, 7]>, <[1, 32, 7, 7]>, <[1, 32, 7, 7]>, <[1, 32, 7, 7]>, <[1, 32, 7, 7]>, <[1, 32, 7, 7]>, <[1, 32, 7, 7]>, <[1, 32, 7, 7]>, <[1, 32, 7, 7]>, <[1, 32, 7, 7]>, <[1, 32, 7, 7]>, <[1, 32, 7, 7]>, <[1, 32, 7, 7]>, <[1, 32, 7, 7]>, <[1, 32, 7, 7]>, <[1, 32, 7, 7]>, <[1, 32, 7, 7]>, <[1, 32, 7, 7]>, <[1, 32, 7, 7]>, <[1, 32, 7, 7]>, <[1, 32, 7, 7]>]",int dim = 1
303,"List[Tensor] tensors = [<[1, 640, 7, 7]>, <[1, 32, 7, 7]>, <[1, 32, 7, 7]>, <[1, 32, 7, 7]>, <[1, 32, 7, 7]>, <[1, 32, 7, 7]>, <[1, 32, 7, 7]>, <[1, 32, 7, 7]>, <[1, 32, 7, 7]>, <[1, 32, 7, 7]>, <[1, 32, 7, 7]>, <[1, 32, 7, 7]>, <[1, 32, 7, 7]>, <[1, 32, 7, 7]>, <[1, 32, 7, 7]>, <[1, 32, 7, 7]>, <[1, 32, 7, 7]>, <[1, 32, 7, 7]>, <[1, 32, 7, 7]>, <[1, 32, 7, 7]>, <[1, 32, 7, 7]>, <[1, 32, 7, 7]>]",int dim = 1
304,"List[Tensor] tensors = [<[1, 640, 7, 7]>, <[1, 32, 7, 7]>, <[1, 32, 7, 7]>, <[1, 32, 7, 7]>, <[1, 32, 7, 7]>, <[1, 32, 7, 7]>, <[1, 32, 7, 7]>, <[1, 32, 7, 7]>, <[1, 32, 7, 7]>, <[1, 32, 7, 7]>, <[1, 32, 7, 7]>, <[1, 32, 7, 7]>, <[1, 32, 7, 7]>, <[1, 32, 7, 7]>, <[1, 32, 7, 7]>, <[1, 32, 7, 7]>, <[1, 32, 7, 7]>, <[1, 32, 7, 7]>, <[1, 32, 7, 7]>, <[1, 32, 7, 7]>, <[1, 32, 7, 7]>, <[1, 32, 7, 7]>, <[1, 32, 7, 7]>]",int dim = 1
305,"List[Tensor] tensors = [<[1, 640, 7, 7]>, <[1, 32, 7, 7]>, <[1, 32, 7, 7]>, <[1, 32, 7, 7]>, <[1, 32, 7, 7]>, <[1, 32, 7, 7]>, <[1, 32, 7, 7]>, <[1, 32, 7, 7]>, <[1, 32, 7, 7]>, <[1, 32, 7, 7]>, <[1, 32, 7, 7]>, <[1, 32, 7, 7]>, <[1, 32, 7, 7]>, <[1, 32, 7, 7]>, <[1, 32, 7, 7]>, <[1, 32, 7, 7]>, <[1, 32, 7, 7]>, <[1, 32, 7, 7]>, <[1, 32, 7, 7]>, <[1, 32, 7, 7]>, <[1, 32, 7, 7]>, <[1, 32, 7, 7]>, <[1, 32, 7, 7]>, <[1, 32, 7, 7]>]",int dim = 1
306,"List[Tensor] tensors = [<[1, 640, 7, 7]>, <[1, 32, 7, 7]>, <[1, 32, 7, 7]>, <[1, 32, 7, 7]>, <[1, 32, 7, 7]>, <[1, 32, 7, 7]>, <[1, 32, 7, 7]>, <[1, 32, 7, 7]>, <[1, 32, 7, 7]>, <[1, 32, 7, 7]>, <[1, 32, 7, 7]>, <[1, 32, 7, 7]>, <[1, 32, 7, 7]>, <[1, 32, 7, 7]>, <[1, 32, 7, 7]>, <[1, 32, 7, 7]>, <[1, 32, 7, 7]>, <[1, 32, 7, 7]>, <[1, 32, 7, 7]>, <[1, 32, 7, 7]>, <[1, 32, 7, 7]>, <[1, 32, 7, 7]>, <[1, 32, 7, 7]>, <[1, 32, 7, 7]>, <[1, 32, 7, 7]>]",int dim = 1
307,"List[Tensor] tensors = [<[1, 640, 7, 7]>, <[1, 32, 7, 7]>, <[1, 32, 7, 7]>, <[1, 32, 7, 7]>, <[1, 32, 7, 7]>, <[1, 32, 7, 7]>, <[1, 32, 7, 7]>, <[1, 32, 7, 7]>, <[1, 32, 7, 7]>, <[1, 32, 7, 7]>, <[1, 32, 7, 7]>, <[1, 32, 7, 7]>, <[1, 32, 7, 7]>, <[1, 32, 7, 7]>, <[1, 32, 7, 7]>, <[1, 32, 7, 7]>, <[1, 32, 7, 7]>, <[1, 32, 7, 7]>, <[1, 32, 7, 7]>, <[1, 32, 7, 7]>, <[1, 32, 7, 7]>, <[1, 32, 7, 7]>, <[1, 32, 7, 7]>, <[1, 32, 7, 7]>, <[1, 32, 7, 7]>, <[1, 32, 7, 7]>]",int dim = 1
308,"List[Tensor] tensors = [<[1, 640, 7, 7]>, <[1, 32, 7, 7]>, <[1, 32, 7, 7]>, <[1, 32, 7, 7]>, <[1, 32, 7, 7]>, <[1, 32, 7, 7]>, <[1, 32, 7, 7]>, <[1, 32, 7, 7]>, <[1, 32, 7, 7]>, <[1, 32, 7, 7]>, <[1, 32, 7, 7]>, <[1, 32, 7, 7]>, <[1, 32, 7, 7]>, <[1, 32, 7, 7]>, <[1, 32, 7, 7]>, <[1, 32, 7, 7]>, <[1, 32, 7, 7]>, <[1, 32, 7, 7]>, <[1, 32, 7, 7]>, <[1, 32, 7, 7]>, <[1, 32, 7, 7]>, <[1, 32, 7, 7]>, <[1, 32, 7, 7]>, <[1, 32, 7, 7]>, <[1, 32, 7, 7]>, <[1, 32, 7, 7]>, <[1, 32, 7, 7]>]",int dim = 1
309,"List[Tensor] tensors = [<[1, 640, 7, 7]>, <[1, 32, 7, 7]>, <[1, 32, 7, 7]>, <[1, 32, 7, 7]>, <[1, 32, 7, 7]>, <[1, 32, 7, 7]>, <[1, 32, 7, 7]>, <[1, 32, 7, 7]>, <[1, 32, 7, 7]>, <[1, 32, 7, 7]>, <[1, 32, 7, 7]>, <[1, 32, 7, 7]>, <[1, 32, 7, 7]>, <[1, 32, 7, 7]>, <[1, 32, 7, 7]>, <[1, 32, 7, 7]>, <[1, 32, 7, 7]>, <[1, 32, 7, 7]>, <[1, 32, 7, 7]>, <[1, 32, 7, 7]>, <[1, 32, 7, 7]>, <[1, 32, 7, 7]>, <[1, 32, 7, 7]>, <[1, 32, 7, 7]>, <[1, 32, 7, 7]>, <[1, 32, 7, 7]>, <[1, 32, 7, 7]>, <[1, 32, 7, 7]>]",int dim = 1
310,"List[Tensor] tensors = [<[1, 640, 7, 7]>, <[1, 32, 7, 7]>, <[1, 32, 7, 7]>, <[1, 32, 7, 7]>, <[1, 32, 7, 7]>, <[1, 32, 7, 7]>, <[1, 32, 7, 7]>, <[1, 32, 7, 7]>, <[1, 32, 7, 7]>, <[1, 32, 7, 7]>, <[1, 32, 7, 7]>, <[1, 32, 7, 7]>, <[1, 32, 7, 7]>, <[1, 32, 7, 7]>, <[1, 32, 7, 7]>, <[1, 32, 7, 7]>, <[1, 32, 7, 7]>, <[1, 32, 7, 7]>, <[1, 32, 7, 7]>, <[1, 32, 7, 7]>, <[1, 32, 7, 7]>, <[1, 32, 7, 7]>, <[1, 32, 7, 7]>, <[1, 32, 7, 7]>, <[1, 32, 7, 7]>, <[1, 32, 7, 7]>, <[1, 32, 7, 7]>, <[1, 32, 7, 7]>, <[1, 32, 7, 7]>]",int dim = 1
311,"List[Tensor] tensors = [<[1, 640, 7, 7]>, <[1, 32, 7, 7]>, <[1, 32, 7, 7]>, <[1, 32, 7, 7]>, <[1, 32, 7, 7]>, <[1, 32, 7, 7]>, <[1, 32, 7, 7]>, <[1, 32, 7, 7]>, <[1, 32, 7, 7]>, <[1, 32, 7, 7]>, <[1, 32, 7, 7]>, <[1, 32, 7, 7]>, <[1, 32, 7, 7]>, <[1, 32, 7, 7]>, <[1, 32, 7, 7]>, <[1, 32, 7, 7]>, <[1, 32, 7, 7]>, <[1, 32, 7, 7]>, <[1, 32, 7, 7]>, <[1, 32, 7, 7]>, <[1, 32, 7, 7]>, <[1, 32, 7, 7]>, <[1, 32, 7, 7]>, <[1, 32, 7, 7]>, <[1, 32, 7, 7]>, <[1, 32, 7, 7]>, <[1, 32, 7, 7]>, <[1, 32, 7, 7]>, <[1, 32, 7, 7]>, <[1, 32, 7, 7]>]",int dim = 1
312,"List[Tensor] tensors = [<[1, 640, 7, 7]>, <[1, 32, 7, 7]>, <[1, 32, 7, 7]>, <[1, 32, 7, 7]>, <[1, 32, 7, 7]>, <[1, 32, 7, 7]>, <[1, 32, 7, 7]>, <[1, 32, 7, 7]>, <[1, 32, 7, 7]>, <[1, 32, 7, 7]>, <[1, 32, 7, 7]>, <[1, 32, 7, 7]>, <[1, 32, 7, 7]>, <[1, 32, 7, 7]>, <[1, 32, 7, 7]>, <[1, 32, 7, 7]>, <[1, 32, 7, 7]>, <[1, 32, 7, 7]>, <[1, 32, 7, 7]>, <[1, 32, 7, 7]>, <[1, 32, 7, 7]>, <[1, 32, 7, 7]>, <[1, 32, 7, 7]>, <[1, 32, 7, 7]>, <[1, 32, 7, 7]>, <[1, 32, 7, 7]>, <[1, 32, 7, 7]>, <[1, 32, 7, 7]>, <[1, 32, 7, 7]>, <[1, 32, 7, 7]>, <[1, 32, 7, 7]>]",int dim = 1
313,"List[Tensor] tensors = [<[1, 640, 7, 7]>, <[1, 32, 7, 7]>, <[1, 32, 7, 7]>, <[1, 32, 7, 7]>, <[1, 32, 7, 7]>, <[1, 32, 7, 7]>, <[1, 32, 7, 7]>, <[1, 32, 7, 7]>, <[1, 32, 7, 7]>, <[1, 32, 7, 7]>, <[1, 32, 7, 7]>, <[1, 32, 7, 7]>, <[1, 32, 7, 7]>, <[1, 32, 7, 7]>, <[1, 32, 7, 7]>, <[1, 32, 7, 7]>, <[1, 32, 7, 7]>, <[1, 32, 7, 7]>, <[1, 32, 7, 7]>, <[1, 32, 7, 7]>, <[1, 32, 7, 7]>, <[1, 32, 7, 7]>, <[1, 32, 7, 7]>, <[1, 32, 7, 7]>, <[1, 32, 7, 7]>, <[1, 32, 7, 7]>, <[1, 32, 7, 7]>, <[1, 32, 7, 7]>, <[1, 32, 7, 7]>, <[1, 32, 7, 7]>, <[1, 32, 7, 7]>, <[1, 32, 7, 7]>]",int dim = 1
314,"List[Tensor] tensors = [<[1, 640, 7, 7]>, <[1, 32, 7, 7]>, <[1, 32, 7, 7]>, <[1, 32, 7, 7]>, <[1, 32, 7, 7]>, <[1, 32, 7, 7]>, <[1, 32, 7, 7]>, <[1, 32, 7, 7]>, <[1, 32, 7, 7]>, <[1, 32, 7, 7]>, <[1, 32, 7, 7]>, <[1, 32, 7, 7]>, <[1, 32, 7, 7]>, <[1, 32, 7, 7]>, <[1, 32, 7, 7]>, <[1, 32, 7, 7]>, <[1, 32, 7, 7]>, <[1, 32, 7, 7]>, <[1, 32, 7, 7]>, <[1, 32, 7, 7]>, <[1, 32, 7, 7]>, <[1, 32, 7, 7]>, <[1, 32, 7, 7]>, <[1, 32, 7, 7]>, <[1, 32, 7, 7]>, <[1, 32, 7, 7]>, <[1, 32, 7, 7]>, <[1, 32, 7, 7]>, <[1, 32, 7, 7]>, <[1, 32, 7, 7]>, <[1, 32, 7, 7]>, <[1, 32, 7, 7]>, <[1, 32, 7, 7]>]",int dim = 1
315,"List[Tensor] tensors = [<[1, 256, 14, 14]>, <[1, 32, 14, 14]>, <[1, 32, 14, 14]>, <[1, 32, 14, 14]>, <[1, 32, 14, 14]>, <[1, 32, 14, 14]>, <[1, 32, 14, 14]>, <[1, 32, 14, 14]>, <[1, 32, 14, 14]>, <[1, 32, 14, 14]>, <[1, 32, 14, 14]>, <[1, 32, 14, 14]>, <[1, 32, 14, 14]>, <[1, 32, 14, 14]>, <[1, 32, 14, 14]>, <[1, 32, 14, 14]>, <[1, 32, 14, 14]>, <[1, 32, 14, 14]>, <[1, 32, 14, 14]>, <[1, 32, 14, 14]>, <[1, 32, 14, 14]>, <[1, 32, 14, 14]>, <[1, 32, 14, 14]>, <[1, 32, 14, 14]>, <[1, 32, 14, 14]>, <[1, 32, 14, 14]>, <[1, 32, 14, 14]>, <[1, 32, 14, 14]>, <[1, 32, 14, 14]>, <[1, 32, 14, 14]>, <[1, 32, 14, 14]>, <[1, 32, 14, 14]>, <[1, 32, 14, 14]>, <[1, 32, 14, 14]>]",int dim = 1
316,"List[Tensor] tensors = [<[1, 256, 14, 14]>, <[1, 32, 14, 14]>, <[1, 32, 14, 14]>, <[1, 32, 14, 14]>, <[1, 32, 14, 14]>, <[1, 32, 14, 14]>, <[1, 32, 14, 14]>, <[1, 32, 14, 14]>, <[1, 32, 14, 14]>, <[1, 32, 14, 14]>, <[1, 32, 14, 14]>, <[1, 32, 14, 14]>, <[1, 32, 14, 14]>, <[1, 32, 14, 14]>, <[1, 32, 14, 14]>, <[1, 32, 14, 14]>, <[1, 32, 14, 14]>, <[1, 32, 14, 14]>, <[1, 32, 14, 14]>, <[1, 32, 14, 14]>, <[1, 32, 14, 14]>, <[1, 32, 14, 14]>, <[1, 32, 14, 14]>, <[1, 32, 14, 14]>, <[1, 32, 14, 14]>, <[1, 32, 14, 14]>, <[1, 32, 14, 14]>, <[1, 32, 14, 14]>, <[1, 32, 14, 14]>, <[1, 32, 14, 14]>, <[1, 32, 14, 14]>, <[1, 32, 14, 14]>, <[1, 32, 14, 14]>, <[1, 32, 14, 14]>, <[1, 32, 14, 14]>]",int dim = 1
317,"List[Tensor] tensors = [<[1, 256, 14, 14]>, <[1, 32, 14, 14]>, <[1, 32, 14, 14]>, <[1, 32, 14, 14]>, <[1, 32, 14, 14]>, <[1, 32, 14, 14]>, <[1, 32, 14, 14]>, <[1, 32, 14, 14]>, <[1, 32, 14, 14]>, <[1, 32, 14, 14]>, <[1, 32, 14, 14]>, <[1, 32, 14, 14]>, <[1, 32, 14, 14]>, <[1, 32, 14, 14]>, <[1, 32, 14, 14]>, <[1, 32, 14, 14]>, <[1, 32, 14, 14]>, <[1, 32, 14, 14]>, <[1, 32, 14, 14]>, <[1, 32, 14, 14]>, <[1, 32, 14, 14]>, <[1, 32, 14, 14]>, <[1, 32, 14, 14]>, <[1, 32, 14, 14]>, <[1, 32, 14, 14]>, <[1, 32, 14, 14]>, <[1, 32, 14, 14]>, <[1, 32, 14, 14]>, <[1, 32, 14, 14]>, <[1, 32, 14, 14]>, <[1, 32, 14, 14]>, <[1, 32, 14, 14]>, <[1, 32, 14, 14]>, <[1, 32, 14, 14]>, <[1, 32, 14, 14]>, <[1, 32, 14, 14]>]",int dim = 1
318,"List[Tensor] tensors = [<[1, 256, 14, 14]>, <[1, 32, 14, 14]>, <[1, 32, 14, 14]>, <[1, 32, 14, 14]>, <[1, 32, 14, 14]>, <[1, 32, 14, 14]>, <[1, 32, 14, 14]>, <[1, 32, 14, 14]>, <[1, 32, 14, 14]>, <[1, 32, 14, 14]>, <[1, 32, 14, 14]>, <[1, 32, 14, 14]>, <[1, 32, 14, 14]>, <[1, 32, 14, 14]>, <[1, 32, 14, 14]>, <[1, 32, 14, 14]>, <[1, 32, 14, 14]>, <[1, 32, 14, 14]>, <[1, 32, 14, 14]>, <[1, 32, 14, 14]>, <[1, 32, 14, 14]>, <[1, 32, 14, 14]>, <[1, 32, 14, 14]>, <[1, 32, 14, 14]>, <[1, 32, 14, 14]>, <[1, 32, 14, 14]>, <[1, 32, 14, 14]>, <[1, 32, 14, 14]>, <[1, 32, 14, 14]>, <[1, 32, 14, 14]>, <[1, 32, 14, 14]>, <[1, 32, 14, 14]>, <[1, 32, 14, 14]>, <[1, 32, 14, 14]>, <[1, 32, 14, 14]>, <[1, 32, 14, 14]>, <[1, 32, 14, 14]>]",int dim = 1
319,"List[Tensor] tensors = [<[1, 256, 14, 14]>, <[1, 32, 14, 14]>, <[1, 32, 14, 14]>, <[1, 32, 14, 14]>, <[1, 32, 14, 14]>, <[1, 32, 14, 14]>, <[1, 32, 14, 14]>, <[1, 32, 14, 14]>, <[1, 32, 14, 14]>, <[1, 32, 14, 14]>, <[1, 32, 14, 14]>, <[1, 32, 14, 14]>, <[1, 32, 14, 14]>, <[1, 32, 14, 14]>, <[1, 32, 14, 14]>, <[1, 32, 14, 14]>, <[1, 32, 14, 14]>, <[1, 32, 14, 14]>, <[1, 32, 14, 14]>, <[1, 32, 14, 14]>, <[1, 32, 14, 14]>, <[1, 32, 14, 14]>, <[1, 32, 14, 14]>, <[1, 32, 14, 14]>, <[1, 32, 14, 14]>, <[1, 32, 14, 14]>, <[1, 32, 14, 14]>, <[1, 32, 14, 14]>, <[1, 32, 14, 14]>, <[1, 32, 14, 14]>, <[1, 32, 14, 14]>, <[1, 32, 14, 14]>, <[1, 32, 14, 14]>, <[1, 32, 14, 14]>, <[1, 32, 14, 14]>, <[1, 32, 14, 14]>, <[1, 32, 14, 14]>, <[1, 32, 14, 14]>]",int dim = 1
320,"List[Tensor] tensors = [<[1, 256, 14, 14]>, <[1, 32, 14, 14]>, <[1, 32, 14, 14]>, <[1, 32, 14, 14]>, <[1, 32, 14, 14]>, <[1, 32, 14, 14]>, <[1, 32, 14, 14]>, <[1, 32, 14, 14]>, <[1, 32, 14, 14]>, <[1, 32, 14, 14]>, <[1, 32, 14, 14]>, <[1, 32, 14, 14]>, <[1, 32, 14, 14]>, <[1, 32, 14, 14]>, <[1, 32, 14, 14]>, <[1, 32, 14, 14]>, <[1, 32, 14, 14]>, <[1, 32, 14, 14]>, <[1, 32, 14, 14]>, <[1, 32, 14, 14]>, <[1, 32, 14, 14]>, <[1, 32, 14, 14]>, <[1, 32, 14, 14]>, <[1, 32, 14, 14]>, <[1, 32, 14, 14]>, <[1, 32, 14, 14]>, <[1, 32, 14, 14]>, <[1, 32, 14, 14]>, <[1, 32, 14, 14]>, <[1, 32, 14, 14]>, <[1, 32, 14, 14]>, <[1, 32, 14, 14]>, <[1, 32, 14, 14]>, <[1, 32, 14, 14]>, <[1, 32, 14, 14]>, <[1, 32, 14, 14]>, <[1, 32, 14, 14]>, <[1, 32, 14, 14]>, <[1, 32, 14, 14]>]",int dim = 1
321,"List[Tensor] tensors = [<[1, 256, 14, 14]>, <[1, 32, 14, 14]>, <[1, 32, 14, 14]>, <[1, 32, 14, 14]>, <[1, 32, 14, 14]>, <[1, 32, 14, 14]>, <[1, 32, 14, 14]>, <[1, 32, 14, 14]>, <[1, 32, 14, 14]>, <[1, 32, 14, 14]>, <[1, 32, 14, 14]>, <[1, 32, 14, 14]>, <[1, 32, 14, 14]>, <[1, 32, 14, 14]>, <[1, 32, 14, 14]>, <[1, 32, 14, 14]>, <[1, 32, 14, 14]>, <[1, 32, 14, 14]>, <[1, 32, 14, 14]>, <[1, 32, 14, 14]>, <[1, 32, 14, 14]>, <[1, 32, 14, 14]>, <[1, 32, 14, 14]>, <[1, 32, 14, 14]>, <[1, 32, 14, 14]>, <[1, 32, 14, 14]>, <[1, 32, 14, 14]>, <[1, 32, 14, 14]>, <[1, 32, 14, 14]>, <[1, 32, 14, 14]>, <[1, 32, 14, 14]>, <[1, 32, 14, 14]>, <[1, 32, 14, 14]>, <[1, 32, 14, 14]>, <[1, 32, 14, 14]>, <[1, 32, 14, 14]>, <[1, 32, 14, 14]>, <[1, 32, 14, 14]>, <[1, 32, 14, 14]>, <[1, 32, 14, 14]>]",int dim = 1
322,"List[Tensor] tensors = [<[1, 256, 14, 14]>, <[1, 32, 14, 14]>, <[1, 32, 14, 14]>, <[1, 32, 14, 14]>, <[1, 32, 14, 14]>, <[1, 32, 14, 14]>, <[1, 32, 14, 14]>, <[1, 32, 14, 14]>, <[1, 32, 14, 14]>, <[1, 32, 14, 14]>, <[1, 32, 14, 14]>, <[1, 32, 14, 14]>, <[1, 32, 14, 14]>, <[1, 32, 14, 14]>, <[1, 32, 14, 14]>, <[1, 32, 14, 14]>, <[1, 32, 14, 14]>, <[1, 32, 14, 14]>, <[1, 32, 14, 14]>, <[1, 32, 14, 14]>, <[1, 32, 14, 14]>, <[1, 32, 14, 14]>, <[1, 32, 14, 14]>, <[1, 32, 14, 14]>, <[1, 32, 14, 14]>, <[1, 32, 14, 14]>, <[1, 32, 14, 14]>, <[1, 32, 14, 14]>, <[1, 32, 14, 14]>, <[1, 32, 14, 14]>, <[1, 32, 14, 14]>, <[1, 32, 14, 14]>, <[1, 32, 14, 14]>, <[1, 32, 14, 14]>, <[1, 32, 14, 14]>, <[1, 32, 14, 14]>, <[1, 32, 14, 14]>, <[1, 32, 14, 14]>, <[1, 32, 14, 14]>, <[1, 32, 14, 14]>, <[1, 32, 14, 14]>]",int dim = 1
323,"List[Tensor] tensors = [<[1, 256, 14, 14]>, <[1, 32, 14, 14]>, <[1, 32, 14, 14]>, <[1, 32, 14, 14]>, <[1, 32, 14, 14]>, <[1, 32, 14, 14]>, <[1, 32, 14, 14]>, <[1, 32, 14, 14]>, <[1, 32, 14, 14]>, <[1, 32, 14, 14]>, <[1, 32, 14, 14]>, <[1, 32, 14, 14]>, <[1, 32, 14, 14]>, <[1, 32, 14, 14]>, <[1, 32, 14, 14]>, <[1, 32, 14, 14]>, <[1, 32, 14, 14]>, <[1, 32, 14, 14]>, <[1, 32, 14, 14]>, <[1, 32, 14, 14]>, <[1, 32, 14, 14]>, <[1, 32, 14, 14]>, <[1, 32, 14, 14]>, <[1, 32, 14, 14]>, <[1, 32, 14, 14]>, <[1, 32, 14, 14]>, <[1, 32, 14, 14]>, <[1, 32, 14, 14]>, <[1, 32, 14, 14]>, <[1, 32, 14, 14]>, <[1, 32, 14, 14]>, <[1, 32, 14, 14]>, <[1, 32, 14, 14]>, <[1, 32, 14, 14]>, <[1, 32, 14, 14]>, <[1, 32, 14, 14]>, <[1, 32, 14, 14]>, <[1, 32, 14, 14]>, <[1, 32, 14, 14]>, <[1, 32, 14, 14]>, <[1, 32, 14, 14]>, <[1, 32, 14, 14]>]",int dim = 1
324,"List[Tensor] tensors = [<[1, 256, 14, 14]>, <[1, 32, 14, 14]>, <[1, 32, 14, 14]>, <[1, 32, 14, 14]>, <[1, 32, 14, 14]>, <[1, 32, 14, 14]>, <[1, 32, 14, 14]>, <[1, 32, 14, 14]>, <[1, 32, 14, 14]>, <[1, 32, 14, 14]>, <[1, 32, 14, 14]>, <[1, 32, 14, 14]>, <[1, 32, 14, 14]>, <[1, 32, 14, 14]>, <[1, 32, 14, 14]>, <[1, 32, 14, 14]>, <[1, 32, 14, 14]>, <[1, 32, 14, 14]>, <[1, 32, 14, 14]>, <[1, 32, 14, 14]>, <[1, 32, 14, 14]>, <[1, 32, 14, 14]>, <[1, 32, 14, 14]>, <[1, 32, 14, 14]>, <[1, 32, 14, 14]>, <[1, 32, 14, 14]>, <[1, 32, 14, 14]>, <[1, 32, 14, 14]>, <[1, 32, 14, 14]>, <[1, 32, 14, 14]>, <[1, 32, 14, 14]>, <[1, 32, 14, 14]>, <[1, 32, 14, 14]>, <[1, 32, 14, 14]>, <[1, 32, 14, 14]>, <[1, 32, 14, 14]>, <[1, 32, 14, 14]>, <[1, 32, 14, 14]>, <[1, 32, 14, 14]>, <[1, 32, 14, 14]>, <[1, 32, 14, 14]>, <[1, 32, 14, 14]>, <[1, 32, 14, 14]>]",int dim = 1
325,"List[Tensor] tensors = [<[1, 256, 14, 14]>, <[1, 32, 14, 14]>, <[1, 32, 14, 14]>, <[1, 32, 14, 14]>, <[1, 32, 14, 14]>, <[1, 32, 14, 14]>, <[1, 32, 14, 14]>, <[1, 32, 14, 14]>, <[1, 32, 14, 14]>, <[1, 32, 14, 14]>, <[1, 32, 14, 14]>, <[1, 32, 14, 14]>, <[1, 32, 14, 14]>, <[1, 32, 14, 14]>, <[1, 32, 14, 14]>, <[1, 32, 14, 14]>, <[1, 32, 14, 14]>, <[1, 32, 14, 14]>, <[1, 32, 14, 14]>, <[1, 32, 14, 14]>, <[1, 32, 14, 14]>, <[1, 32, 14, 14]>, <[1, 32, 14, 14]>, <[1, 32, 14, 14]>, <[1, 32, 14, 14]>, <[1, 32, 14, 14]>, <[1, 32, 14, 14]>, <[1, 32, 14, 14]>, <[1, 32, 14, 14]>, <[1, 32, 14, 14]>, <[1, 32, 14, 14]>, <[1, 32, 14, 14]>, <[1, 32, 14, 14]>, <[1, 32, 14, 14]>, <[1, 32, 14, 14]>, <[1, 32, 14, 14]>, <[1, 32, 14, 14]>, <[1, 32, 14, 14]>, <[1, 32, 14, 14]>, <[1, 32, 14, 14]>, <[1, 32, 14, 14]>, <[1, 32, 14, 14]>, <[1, 32, 14, 14]>, <[1, 32, 14, 14]>]",int dim = 1
326,"List[Tensor] tensors = [<[1, 256, 14, 14]>, <[1, 32, 14, 14]>, <[1, 32, 14, 14]>, <[1, 32, 14, 14]>, <[1, 32, 14, 14]>, <[1, 32, 14, 14]>, <[1, 32, 14, 14]>, <[1, 32, 14, 14]>, <[1, 32, 14, 14]>, <[1, 32, 14, 14]>, <[1, 32, 14, 14]>, <[1, 32, 14, 14]>, <[1, 32, 14, 14]>, <[1, 32, 14, 14]>, <[1, 32, 14, 14]>, <[1, 32, 14, 14]>, <[1, 32, 14, 14]>, <[1, 32, 14, 14]>, <[1, 32, 14, 14]>, <[1, 32, 14, 14]>, <[1, 32, 14, 14]>, <[1, 32, 14, 14]>, <[1, 32, 14, 14]>, <[1, 32, 14, 14]>, <[1, 32, 14, 14]>, <[1, 32, 14, 14]>, <[1, 32, 14, 14]>, <[1, 32, 14, 14]>, <[1, 32, 14, 14]>, <[1, 32, 14, 14]>, <[1, 32, 14, 14]>, <[1, 32, 14, 14]>, <[1, 32, 14, 14]>, <[1, 32, 14, 14]>, <[1, 32, 14, 14]>, <[1, 32, 14, 14]>, <[1, 32, 14, 14]>, <[1, 32, 14, 14]>, <[1, 32, 14, 14]>, <[1, 32, 14, 14]>, <[1, 32, 14, 14]>, <[1, 32, 14, 14]>, <[1, 32, 14, 14]>, <[1, 32, 14, 14]>, <[1, 32, 14, 14]>]",int dim = 1
327,"List[Tensor] tensors = [<[1, 256, 14, 14]>, <[1, 32, 14, 14]>, <[1, 32, 14, 14]>, <[1, 32, 14, 14]>, <[1, 32, 14, 14]>, <[1, 32, 14, 14]>, <[1, 32, 14, 14]>, <[1, 32, 14, 14]>, <[1, 32, 14, 14]>, <[1, 32, 14, 14]>, <[1, 32, 14, 14]>, <[1, 32, 14, 14]>, <[1, 32, 14, 14]>, <[1, 32, 14, 14]>, <[1, 32, 14, 14]>, <[1, 32, 14, 14]>, <[1, 32, 14, 14]>, <[1, 32, 14, 14]>, <[1, 32, 14, 14]>, <[1, 32, 14, 14]>, <[1, 32, 14, 14]>, <[1, 32, 14, 14]>, <[1, 32, 14, 14]>, <[1, 32, 14, 14]>, <[1, 32, 14, 14]>, <[1, 32, 14, 14]>, <[1, 32, 14, 14]>, <[1, 32, 14, 14]>, <[1, 32, 14, 14]>, <[1, 32, 14, 14]>, <[1, 32, 14, 14]>, <[1, 32, 14, 14]>, <[1, 32, 14, 14]>, <[1, 32, 14, 14]>, <[1, 32, 14, 14]>, <[1, 32, 14, 14]>, <[1, 32, 14, 14]>, <[1, 32, 14, 14]>, <[1, 32, 14, 14]>, <[1, 32, 14, 14]>, <[1, 32, 14, 14]>, <[1, 32, 14, 14]>, <[1, 32, 14, 14]>, <[1, 32, 14, 14]>, <[1, 32, 14, 14]>, <[1, 32, 14, 14]>]",int dim = 1
328,"List[Tensor] tensors = [<[1, 256, 14, 14]>, <[1, 32, 14, 14]>, <[1, 32, 14, 14]>, <[1, 32, 14, 14]>, <[1, 32, 14, 14]>, <[1, 32, 14, 14]>, <[1, 32, 14, 14]>, <[1, 32, 14, 14]>, <[1, 32, 14, 14]>, <[1, 32, 14, 14]>, <[1, 32, 14, 14]>, <[1, 32, 14, 14]>, <[1, 32, 14, 14]>, <[1, 32, 14, 14]>, <[1, 32, 14, 14]>, <[1, 32, 14, 14]>, <[1, 32, 14, 14]>, <[1, 32, 14, 14]>, <[1, 32, 14, 14]>, <[1, 32, 14, 14]>, <[1, 32, 14, 14]>, <[1, 32, 14, 14]>, <[1, 32, 14, 14]>, <[1, 32, 14, 14]>, <[1, 32, 14, 14]>, <[1, 32, 14, 14]>, <[1, 32, 14, 14]>, <[1, 32, 14, 14]>, <[1, 32, 14, 14]>, <[1, 32, 14, 14]>, <[1, 32, 14, 14]>, <[1, 32, 14, 14]>, <[1, 32, 14, 14]>, <[1, 32, 14, 14]>, <[1, 32, 14, 14]>, <[1, 32, 14, 14]>, <[1, 32, 14, 14]>, <[1, 32, 14, 14]>, <[1, 32, 14, 14]>, <[1, 32, 14, 14]>, <[1, 32, 14, 14]>, <[1, 32, 14, 14]>, <[1, 32, 14, 14]>, <[1, 32, 14, 14]>, <[1, 32, 14, 14]>, <[1, 32, 14, 14]>, <[1, 32, 14, 14]>]",int dim = 1
329,"List[Tensor] tensors = [<[1, 256, 14, 14]>, <[1, 32, 14, 14]>, <[1, 32, 14, 14]>, <[1, 32, 14, 14]>, <[1, 32, 14, 14]>, <[1, 32, 14, 14]>, <[1, 32, 14, 14]>, <[1, 32, 14, 14]>, <[1, 32, 14, 14]>, <[1, 32, 14, 14]>, <[1, 32, 14, 14]>, <[1, 32, 14, 14]>, <[1, 32, 14, 14]>, <[1, 32, 14, 14]>, <[1, 32, 14, 14]>, <[1, 32, 14, 14]>, <[1, 32, 14, 14]>, <[1, 32, 14, 14]>, <[1, 32, 14, 14]>, <[1, 32, 14, 14]>, <[1, 32, 14, 14]>, <[1, 32, 14, 14]>, <[1, 32, 14, 14]>, <[1, 32, 14, 14]>, <[1, 32, 14, 14]>, <[1, 32, 14, 14]>, <[1, 32, 14, 14]>, <[1, 32, 14, 14]>, <[1, 32, 14, 14]>, <[1, 32, 14, 14]>, <[1, 32, 14, 14]>, <[1, 32, 14, 14]>, <[1, 32, 14, 14]>, <[1, 32, 14, 14]>, <[1, 32, 14, 14]>, <[1, 32, 14, 14]>, <[1, 32, 14, 14]>, <[1, 32, 14, 14]>, <[1, 32, 14, 14]>, <[1, 32, 14, 14]>, <[1, 32, 14, 14]>, <[1, 32, 14, 14]>, <[1, 32, 14, 14]>, <[1, 32, 14, 14]>, <[1, 32, 14, 14]>, <[1, 32, 14, 14]>, <[1, 32, 14, 14]>, <[1, 32, 14, 14]>]",int dim = 1
330,"List[Tensor] tensors = [<[1, 256, 14, 14]>, <[1, 32, 14, 14]>, <[1, 32, 14, 14]>, <[1, 32, 14, 14]>, <[1, 32, 14, 14]>, <[1, 32, 14, 14]>, <[1, 32, 14, 14]>, <[1, 32, 14, 14]>, <[1, 32, 14, 14]>, <[1, 32, 14, 14]>, <[1, 32, 14, 14]>, <[1, 32, 14, 14]>, <[1, 32, 14, 14]>, <[1, 32, 14, 14]>, <[1, 32, 14, 14]>, <[1, 32, 14, 14]>, <[1, 32, 14, 14]>, <[1, 32, 14, 14]>, <[1, 32, 14, 14]>, <[1, 32, 14, 14]>, <[1, 32, 14, 14]>, <[1, 32, 14, 14]>, <[1, 32, 14, 14]>, <[1, 32, 14, 14]>, <[1, 32, 14, 14]>, <[1, 32, 14, 14]>, <[1, 32, 14, 14]>, <[1, 32, 14, 14]>, <[1, 32, 14, 14]>, <[1, 32, 14, 14]>, <[1, 32, 14, 14]>, <[1, 32, 14, 14]>, <[1, 32, 14, 14]>, <[1, 32, 14, 14]>, <[1, 32, 14, 14]>, <[1, 32, 14, 14]>, <[1, 32, 14, 14]>, <[1, 32, 14, 14]>, <[1, 32, 14, 14]>, <[1, 32, 14, 14]>, <[1, 32, 14, 14]>, <[1, 32, 14, 14]>, <[1, 32, 14, 14]>, <[1, 32, 14, 14]>, <[1, 32, 14, 14]>, <[1, 32, 14, 14]>, <[1, 32, 14, 14]>, <[1, 32, 14, 14]>, <[1, 32, 14, 14]>]",int dim = 1
331,"List[Tensor] tensors = [<[1, 896, 7, 7]>]",int dim = 1
332,"List[Tensor] tensors = [<[1, 896, 7, 7]>, <[1, 32, 7, 7]>]",int dim = 1
333,"List[Tensor] tensors = [<[1, 896, 7, 7]>, <[1, 32, 7, 7]>, <[1, 32, 7, 7]>]",int dim = 1
334,"List[Tensor] tensors = [<[1, 896, 7, 7]>, <[1, 32, 7, 7]>, <[1, 32, 7, 7]>, <[1, 32, 7, 7]>]",int dim = 1
335,"List[Tensor] tensors = [<[1, 896, 7, 7]>, <[1, 32, 7, 7]>, <[1, 32, 7, 7]>, <[1, 32, 7, 7]>, <[1, 32, 7, 7]>]",int dim = 1
336,"List[Tensor] tensors = [<[1, 896, 7, 7]>, <[1, 32, 7, 7]>, <[1, 32, 7, 7]>, <[1, 32, 7, 7]>, <[1, 32, 7, 7]>, <[1, 32, 7, 7]>]",int dim = 1
337,"List[Tensor] tensors = [<[1, 896, 7, 7]>, <[1, 32, 7, 7]>, <[1, 32, 7, 7]>, <[1, 32, 7, 7]>, <[1, 32, 7, 7]>, <[1, 32, 7, 7]>, <[1, 32, 7, 7]>]",int dim = 1
338,"List[Tensor] tensors = [<[1, 896, 7, 7]>, <[1, 32, 7, 7]>, <[1, 32, 7, 7]>, <[1, 32, 7, 7]>, <[1, 32, 7, 7]>, <[1, 32, 7, 7]>, <[1, 32, 7, 7]>, <[1, 32, 7, 7]>]",int dim = 1
339,"List[Tensor] tensors = [<[1, 896, 7, 7]>, <[1, 32, 7, 7]>, <[1, 32, 7, 7]>, <[1, 32, 7, 7]>, <[1, 32, 7, 7]>, <[1, 32, 7, 7]>, <[1, 32, 7, 7]>, <[1, 32, 7, 7]>, <[1, 32, 7, 7]>]",int dim = 1
340,"List[Tensor] tensors = [<[1, 896, 7, 7]>, <[1, 32, 7, 7]>, <[1, 32, 7, 7]>, <[1, 32, 7, 7]>, <[1, 32, 7, 7]>, <[1, 32, 7, 7]>, <[1, 32, 7, 7]>, <[1, 32, 7, 7]>, <[1, 32, 7, 7]>, <[1, 32, 7, 7]>]",int dim = 1
341,"List[Tensor] tensors = [<[1, 896, 7, 7]>, <[1, 32, 7, 7]>, <[1, 32, 7, 7]>, <[1, 32, 7, 7]>, <[1, 32, 7, 7]>, <[1, 32, 7, 7]>, <[1, 32, 7, 7]>, <[1, 32, 7, 7]>, <[1, 32, 7, 7]>, <[1, 32, 7, 7]>, <[1, 32, 7, 7]>]",int dim = 1
342,"List[Tensor] tensors = [<[1, 896, 7, 7]>, <[1, 32, 7, 7]>, <[1, 32, 7, 7]>, <[1, 32, 7, 7]>, <[1, 32, 7, 7]>, <[1, 32, 7, 7]>, <[1, 32, 7, 7]>, <[1, 32, 7, 7]>, <[1, 32, 7, 7]>, <[1, 32, 7, 7]>, <[1, 32, 7, 7]>, <[1, 32, 7, 7]>]",int dim = 1
343,"List[Tensor] tensors = [<[1, 896, 7, 7]>, <[1, 32, 7, 7]>, <[1, 32, 7, 7]>, <[1, 32, 7, 7]>, <[1, 32, 7, 7]>, <[1, 32, 7, 7]>, <[1, 32, 7, 7]>, <[1, 32, 7, 7]>, <[1, 32, 7, 7]>, <[1, 32, 7, 7]>, <[1, 32, 7, 7]>, <[1, 32, 7, 7]>, <[1, 32, 7, 7]>]",int dim = 1
344,"List[Tensor] tensors = [<[1, 896, 7, 7]>, <[1, 32, 7, 7]>, <[1, 32, 7, 7]>, <[1, 32, 7, 7]>, <[1, 32, 7, 7]>, <[1, 32, 7, 7]>, <[1, 32, 7, 7]>, <[1, 32, 7, 7]>, <[1, 32, 7, 7]>, <[1, 32, 7, 7]>, <[1, 32, 7, 7]>, <[1, 32, 7, 7]>, <[1, 32, 7, 7]>, <[1, 32, 7, 7]>]",int dim = 1
345,"List[Tensor] tensors = [<[1, 896, 7, 7]>, <[1, 32, 7, 7]>, <[1, 32, 7, 7]>, <[1, 32, 7, 7]>, <[1, 32, 7, 7]>, <[1, 32, 7, 7]>, <[1, 32, 7, 7]>, <[1, 32, 7, 7]>, <[1, 32, 7, 7]>, <[1, 32, 7, 7]>, <[1, 32, 7, 7]>, <[1, 32, 7, 7]>, <[1, 32, 7, 7]>, <[1, 32, 7, 7]>, <[1, 32, 7, 7]>]",int dim = 1
346,"List[Tensor] tensors = [<[1, 896, 7, 7]>, <[1, 32, 7, 7]>, <[1, 32, 7, 7]>, <[1, 32, 7, 7]>, <[1, 32, 7, 7]>, <[1, 32, 7, 7]>, <[1, 32, 7, 7]>, <[1, 32, 7, 7]>, <[1, 32, 7, 7]>, <[1, 32, 7, 7]>, <[1, 32, 7, 7]>, <[1, 32, 7, 7]>, <[1, 32, 7, 7]>, <[1, 32, 7, 7]>, <[1, 32, 7, 7]>, <[1, 32, 7, 7]>]",int dim = 1
347,"List[Tensor] tensors = [<[1, 896, 7, 7]>, <[1, 32, 7, 7]>, <[1, 32, 7, 7]>, <[1, 32, 7, 7]>, <[1, 32, 7, 7]>, <[1, 32, 7, 7]>, <[1, 32, 7, 7]>, <[1, 32, 7, 7]>, <[1, 32, 7, 7]>, <[1, 32, 7, 7]>, <[1, 32, 7, 7]>, <[1, 32, 7, 7]>, <[1, 32, 7, 7]>, <[1, 32, 7, 7]>, <[1, 32, 7, 7]>, <[1, 32, 7, 7]>, <[1, 32, 7, 7]>]",int dim = 1
348,"List[Tensor] tensors = [<[1, 896, 7, 7]>, <[1, 32, 7, 7]>, <[1, 32, 7, 7]>, <[1, 32, 7, 7]>, <[1, 32, 7, 7]>, <[1, 32, 7, 7]>, <[1, 32, 7, 7]>, <[1, 32, 7, 7]>, <[1, 32, 7, 7]>, <[1, 32, 7, 7]>, <[1, 32, 7, 7]>, <[1, 32, 7, 7]>, <[1, 32, 7, 7]>, <[1, 32, 7, 7]>, <[1, 32, 7, 7]>, <[1, 32, 7, 7]>, <[1, 32, 7, 7]>, <[1, 32, 7, 7]>]",int dim = 1
349,"List[Tensor] tensors = [<[1, 896, 7, 7]>, <[1, 32, 7, 7]>, <[1, 32, 7, 7]>, <[1, 32, 7, 7]>, <[1, 32, 7, 7]>, <[1, 32, 7, 7]>, <[1, 32, 7, 7]>, <[1, 32, 7, 7]>, <[1, 32, 7, 7]>, <[1, 32, 7, 7]>, <[1, 32, 7, 7]>, <[1, 32, 7, 7]>, <[1, 32, 7, 7]>, <[1, 32, 7, 7]>, <[1, 32, 7, 7]>, <[1, 32, 7, 7]>, <[1, 32, 7, 7]>, <[1, 32, 7, 7]>, <[1, 32, 7, 7]>]",int dim = 1
350,"List[Tensor] tensors = [<[1, 896, 7, 7]>, <[1, 32, 7, 7]>, <[1, 32, 7, 7]>, <[1, 32, 7, 7]>, <[1, 32, 7, 7]>, <[1, 32, 7, 7]>, <[1, 32, 7, 7]>, <[1, 32, 7, 7]>, <[1, 32, 7, 7]>, <[1, 32, 7, 7]>, <[1, 32, 7, 7]>, <[1, 32, 7, 7]>, <[1, 32, 7, 7]>, <[1, 32, 7, 7]>, <[1, 32, 7, 7]>, <[1, 32, 7, 7]>, <[1, 32, 7, 7]>, <[1, 32, 7, 7]>, <[1, 32, 7, 7]>, <[1, 32, 7, 7]>]",int dim = 1
351,"List[Tensor] tensors = [<[1, 896, 7, 7]>, <[1, 32, 7, 7]>, <[1, 32, 7, 7]>, <[1, 32, 7, 7]>, <[1, 32, 7, 7]>, <[1, 32, 7, 7]>, <[1, 32, 7, 7]>, <[1, 32, 7, 7]>, <[1, 32, 7, 7]>, <[1, 32, 7, 7]>, <[1, 32, 7, 7]>, <[1, 32, 7, 7]>, <[1, 32, 7, 7]>, <[1, 32, 7, 7]>, <[1, 32, 7, 7]>, <[1, 32, 7, 7]>, <[1, 32, 7, 7]>, <[1, 32, 7, 7]>, <[1, 32, 7, 7]>, <[1, 32, 7, 7]>, <[1, 32, 7, 7]>]",int dim = 1
352,"List[Tensor] tensors = [<[1, 896, 7, 7]>, <[1, 32, 7, 7]>, <[1, 32, 7, 7]>, <[1, 32, 7, 7]>, <[1, 32, 7, 7]>, <[1, 32, 7, 7]>, <[1, 32, 7, 7]>, <[1, 32, 7, 7]>, <[1, 32, 7, 7]>, <[1, 32, 7, 7]>, <[1, 32, 7, 7]>, <[1, 32, 7, 7]>, <[1, 32, 7, 7]>, <[1, 32, 7, 7]>, <[1, 32, 7, 7]>, <[1, 32, 7, 7]>, <[1, 32, 7, 7]>, <[1, 32, 7, 7]>, <[1, 32, 7, 7]>, <[1, 32, 7, 7]>, <[1, 32, 7, 7]>, <[1, 32, 7, 7]>]",int dim = 1
353,"List[Tensor] tensors = [<[1, 896, 7, 7]>, <[1, 32, 7, 7]>, <[1, 32, 7, 7]>, <[1, 32, 7, 7]>, <[1, 32, 7, 7]>, <[1, 32, 7, 7]>, <[1, 32, 7, 7]>, <[1, 32, 7, 7]>, <[1, 32, 7, 7]>, <[1, 32, 7, 7]>, <[1, 32, 7, 7]>, <[1, 32, 7, 7]>, <[1, 32, 7, 7]>, <[1, 32, 7, 7]>, <[1, 32, 7, 7]>, <[1, 32, 7, 7]>, <[1, 32, 7, 7]>, <[1, 32, 7, 7]>, <[1, 32, 7, 7]>, <[1, 32, 7, 7]>, <[1, 32, 7, 7]>, <[1, 32, 7, 7]>, <[1, 32, 7, 7]>]",int dim = 1
354,"List[Tensor] tensors = [<[1, 896, 7, 7]>, <[1, 32, 7, 7]>, <[1, 32, 7, 7]>, <[1, 32, 7, 7]>, <[1, 32, 7, 7]>, <[1, 32, 7, 7]>, <[1, 32, 7, 7]>, <[1, 32, 7, 7]>, <[1, 32, 7, 7]>, <[1, 32, 7, 7]>, <[1, 32, 7, 7]>, <[1, 32, 7, 7]>, <[1, 32, 7, 7]>, <[1, 32, 7, 7]>, <[1, 32, 7, 7]>, <[1, 32, 7, 7]>, <[1, 32, 7, 7]>, <[1, 32, 7, 7]>, <[1, 32, 7, 7]>, <[1, 32, 7, 7]>, <[1, 32, 7, 7]>, <[1, 32, 7, 7]>, <[1, 32, 7, 7]>, <[1, 32, 7, 7]>]",int dim = 1
355,"List[Tensor] tensors = [<[1, 896, 7, 7]>, <[1, 32, 7, 7]>, <[1, 32, 7, 7]>, <[1, 32, 7, 7]>, <[1, 32, 7, 7]>, <[1, 32, 7, 7]>, <[1, 32, 7, 7]>, <[1, 32, 7, 7]>, <[1, 32, 7, 7]>, <[1, 32, 7, 7]>, <[1, 32, 7, 7]>, <[1, 32, 7, 7]>, <[1, 32, 7, 7]>, <[1, 32, 7, 7]>, <[1, 32, 7, 7]>, <[1, 32, 7, 7]>, <[1, 32, 7, 7]>, <[1, 32, 7, 7]>, <[1, 32, 7, 7]>, <[1, 32, 7, 7]>, <[1, 32, 7, 7]>, <[1, 32, 7, 7]>, <[1, 32, 7, 7]>, <[1, 32, 7, 7]>, <[1, 32, 7, 7]>]",int dim = 1
356,"List[Tensor] tensors = [<[1, 896, 7, 7]>, <[1, 32, 7, 7]>, <[1, 32, 7, 7]>, <[1, 32, 7, 7]>, <[1, 32, 7, 7]>, <[1, 32, 7, 7]>, <[1, 32, 7, 7]>, <[1, 32, 7, 7]>, <[1, 32, 7, 7]>, <[1, 32, 7, 7]>, <[1, 32, 7, 7]>, <[1, 32, 7, 7]>, <[1, 32, 7, 7]>, <[1, 32, 7, 7]>, <[1, 32, 7, 7]>, <[1, 32, 7, 7]>, <[1, 32, 7, 7]>, <[1, 32, 7, 7]>, <[1, 32, 7, 7]>, <[1, 32, 7, 7]>, <[1, 32, 7, 7]>, <[1, 32, 7, 7]>, <[1, 32, 7, 7]>, <[1, 32, 7, 7]>, <[1, 32, 7, 7]>, <[1, 32, 7, 7]>]",int dim = 1
357,"List[Tensor] tensors = [<[1, 896, 7, 7]>, <[1, 32, 7, 7]>, <[1, 32, 7, 7]>, <[1, 32, 7, 7]>, <[1, 32, 7, 7]>, <[1, 32, 7, 7]>, <[1, 32, 7, 7]>, <[1, 32, 7, 7]>, <[1, 32, 7, 7]>, <[1, 32, 7, 7]>, <[1, 32, 7, 7]>, <[1, 32, 7, 7]>, <[1, 32, 7, 7]>, <[1, 32, 7, 7]>, <[1, 32, 7, 7]>, <[1, 32, 7, 7]>, <[1, 32, 7, 7]>, <[1, 32, 7, 7]>, <[1, 32, 7, 7]>, <[1, 32, 7, 7]>, <[1, 32, 7, 7]>, <[1, 32, 7, 7]>, <[1, 32, 7, 7]>, <[1, 32, 7, 7]>, <[1, 32, 7, 7]>, <[1, 32, 7, 7]>, <[1, 32, 7, 7]>]",int dim = 1
358,"List[Tensor] tensors = [<[1, 896, 7, 7]>, <[1, 32, 7, 7]>, <[1, 32, 7, 7]>, <[1, 32, 7, 7]>, <[1, 32, 7, 7]>, <[1, 32, 7, 7]>, <[1, 32, 7, 7]>, <[1, 32, 7, 7]>, <[1, 32, 7, 7]>, <[1, 32, 7, 7]>, <[1, 32, 7, 7]>, <[1, 32, 7, 7]>, <[1, 32, 7, 7]>, <[1, 32, 7, 7]>, <[1, 32, 7, 7]>, <[1, 32, 7, 7]>, <[1, 32, 7, 7]>, <[1, 32, 7, 7]>, <[1, 32, 7, 7]>, <[1, 32, 7, 7]>, <[1, 32, 7, 7]>, <[1, 32, 7, 7]>, <[1, 32, 7, 7]>, <[1, 32, 7, 7]>, <[1, 32, 7, 7]>, <[1, 32, 7, 7]>, <[1, 32, 7, 7]>, <[1, 32, 7, 7]>]",int dim = 1
359,"List[Tensor] tensors = [<[1, 896, 7, 7]>, <[1, 32, 7, 7]>, <[1, 32, 7, 7]>, <[1, 32, 7, 7]>, <[1, 32, 7, 7]>, <[1, 32, 7, 7]>, <[1, 32, 7, 7]>, <[1, 32, 7, 7]>, <[1, 32, 7, 7]>, <[1, 32, 7, 7]>, <[1, 32, 7, 7]>, <[1, 32, 7, 7]>, <[1, 32, 7, 7]>, <[1, 32, 7, 7]>, <[1, 32, 7, 7]>, <[1, 32, 7, 7]>, <[1, 32, 7, 7]>, <[1, 32, 7, 7]>, <[1, 32, 7, 7]>, <[1, 32, 7, 7]>, <[1, 32, 7, 7]>, <[1, 32, 7, 7]>, <[1, 32, 7, 7]>, <[1, 32, 7, 7]>, <[1, 32, 7, 7]>, <[1, 32, 7, 7]>, <[1, 32, 7, 7]>, <[1, 32, 7, 7]>, <[1, 32, 7, 7]>]",int dim = 1
360,"List[Tensor] tensors = [<[1, 896, 7, 7]>, <[1, 32, 7, 7]>, <[1, 32, 7, 7]>, <[1, 32, 7, 7]>, <[1, 32, 7, 7]>, <[1, 32, 7, 7]>, <[1, 32, 7, 7]>, <[1, 32, 7, 7]>, <[1, 32, 7, 7]>, <[1, 32, 7, 7]>, <[1, 32, 7, 7]>, <[1, 32, 7, 7]>, <[1, 32, 7, 7]>, <[1, 32, 7, 7]>, <[1, 32, 7, 7]>, <[1, 32, 7, 7]>, <[1, 32, 7, 7]>, <[1, 32, 7, 7]>, <[1, 32, 7, 7]>, <[1, 32, 7, 7]>, <[1, 32, 7, 7]>, <[1, 32, 7, 7]>, <[1, 32, 7, 7]>, <[1, 32, 7, 7]>, <[1, 32, 7, 7]>, <[1, 32, 7, 7]>, <[1, 32, 7, 7]>, <[1, 32, 7, 7]>, <[1, 32, 7, 7]>, <[1, 32, 7, 7]>]",int dim = 1
361,"List[Tensor] tensors = [<[1, 896, 7, 7]>, <[1, 32, 7, 7]>, <[1, 32, 7, 7]>, <[1, 32, 7, 7]>, <[1, 32, 7, 7]>, <[1, 32, 7, 7]>, <[1, 32, 7, 7]>, <[1, 32, 7, 7]>, <[1, 32, 7, 7]>, <[1, 32, 7, 7]>, <[1, 32, 7, 7]>, <[1, 32, 7, 7]>, <[1, 32, 7, 7]>, <[1, 32, 7, 7]>, <[1, 32, 7, 7]>, <[1, 32, 7, 7]>, <[1, 32, 7, 7]>, <[1, 32, 7, 7]>, <[1, 32, 7, 7]>, <[1, 32, 7, 7]>, <[1, 32, 7, 7]>, <[1, 32, 7, 7]>, <[1, 32, 7, 7]>, <[1, 32, 7, 7]>, <[1, 32, 7, 7]>, <[1, 32, 7, 7]>, <[1, 32, 7, 7]>, <[1, 32, 7, 7]>, <[1, 32, 7, 7]>, <[1, 32, 7, 7]>, <[1, 32, 7, 7]>]",int dim = 1
362,"List[Tensor] tensors = [<[1, 896, 7, 7]>, <[1, 32, 7, 7]>, <[1, 32, 7, 7]>, <[1, 32, 7, 7]>, <[1, 32, 7, 7]>, <[1, 32, 7, 7]>, <[1, 32, 7, 7]>, <[1, 32, 7, 7]>, <[1, 32, 7, 7]>, <[1, 32, 7, 7]>, <[1, 32, 7, 7]>, <[1, 32, 7, 7]>, <[1, 32, 7, 7]>, <[1, 32, 7, 7]>, <[1, 32, 7, 7]>, <[1, 32, 7, 7]>, <[1, 32, 7, 7]>, <[1, 32, 7, 7]>, <[1, 32, 7, 7]>, <[1, 32, 7, 7]>, <[1, 32, 7, 7]>, <[1, 32, 7, 7]>, <[1, 32, 7, 7]>, <[1, 32, 7, 7]>, <[1, 32, 7, 7]>, <[1, 32, 7, 7]>, <[1, 32, 7, 7]>, <[1, 32, 7, 7]>, <[1, 32, 7, 7]>, <[1, 32, 7, 7]>, <[1, 32, 7, 7]>, <[1, 32, 7, 7]>]",int dim = 1
363,"List[Tensor] tensors = [<[1, 896, 7, 7]>, <[1, 32, 7, 7]>, <[1, 32, 7, 7]>, <[1, 32, 7, 7]>, <[1, 32, 7, 7]>, <[1, 32, 7, 7]>, <[1, 32, 7, 7]>, <[1, 32, 7, 7]>, <[1, 32, 7, 7]>, <[1, 32, 7, 7]>, <[1, 32, 7, 7]>, <[1, 32, 7, 7]>, <[1, 32, 7, 7]>, <[1, 32, 7, 7]>, <[1, 32, 7, 7]>, <[1, 32, 7, 7]>, <[1, 32, 7, 7]>, <[1, 32, 7, 7]>, <[1, 32, 7, 7]>, <[1, 32, 7, 7]>, <[1, 32, 7, 7]>, <[1, 32, 7, 7]>, <[1, 32, 7, 7]>, <[1, 32, 7, 7]>, <[1, 32, 7, 7]>, <[1, 32, 7, 7]>, <[1, 32, 7, 7]>, <[1, 32, 7, 7]>, <[1, 32, 7, 7]>, <[1, 32, 7, 7]>, <[1, 32, 7, 7]>, <[1, 32, 7, 7]>, <[1, 32, 7, 7]>]",int dim = 1
364,"List[Tensor] tensors = [<[1, 64, 56, 56]>, <[1, 64, 56, 56]>]",int dim = 1
365,"List[Tensor] tensors = [<[1, 128, 28, 28]>, <[1, 128, 28, 28]>]",int dim = 1
366,"List[Tensor] tensors = [<[1, 128, 28, 28]>, <[1, 128, 28, 28]>, <[1, 64, 28, 28]>, <[1, 128, 28, 28]>]",int dim = 1
367,"List[Tensor] tensors = [<[1, 256, 14, 14]>, <[1, 256, 14, 14]>]",int dim = 1
368,"List[Tensor] tensors = [<[1, 256, 14, 14]>, <[1, 256, 14, 14]>, <[1, 128, 14, 14]>, <[1, 256, 14, 14]>]",int dim = 1
369,"List[Tensor] tensors = [<[1, 512, 7, 7]>, <[1, 512, 7, 7]>, <[1, 256, 7, 7]>]",int dim = 1
370,"List[Tensor] tensors = [<[1, 64, 56, 56]>, <[1, 128, 56, 56]>, <[1, 128, 56, 56]>, <[1, 128, 56, 56]>]",int dim = 1
371,"List[Tensor] tensors = [<[1, 256, 28, 28]>, <[1, 160, 28, 28]>, <[1, 160, 28, 28]>, <[1, 160, 28, 28]>]",int dim = 1
372,"List[Tensor] tensors = [<[1, 512, 14, 14]>, <[1, 192, 14, 14]>, <[1, 192, 14, 14]>, <[1, 192, 14, 14]>]",int dim = 1
373,"List[Tensor] tensors = [<[1, 768, 7, 7]>, <[1, 224, 7, 7]>, <[1, 224, 7, 7]>, <[1, 224, 7, 7]>]",int dim = 1
374,"List[Tensor] tensors = [<[1, 1, 768]>, <[1, 196, 768]>]",int dim = 1
375,"List[Tensor] tensors = [<[1, 8, 112, 112]>, <[1, 8, 112, 112]>]",int dim = 1
376,"List[Tensor] tensors = [<[1, 24, 112, 112]>, <[1, 24, 112, 112]>]",int dim = 1
377,"List[Tensor] tensors = [<[1, 12, 56, 56]>, <[1, 12, 56, 56]>]",int dim = 1
378,"List[Tensor] tensors = [<[1, 36, 56, 56]>, <[1, 36, 56, 56]>]",int dim = 1
379,"List[Tensor] tensors = [<[1, 20, 28, 28]>, <[1, 20, 28, 28]>]",int dim = 1
380,"List[Tensor] tensors = [<[1, 60, 28, 28]>, <[1, 60, 28, 28]>]",int dim = 1
381,"List[Tensor] tensors = [<[1, 120, 28, 28]>, <[1, 120, 28, 28]>]",int dim = 1
382,"List[Tensor] tensors = [<[1, 40, 14, 14]>, <[1, 40, 14, 14]>]",int dim = 1
383,"List[Tensor] tensors = [<[1, 100, 14, 14]>, <[1, 100, 14, 14]>]",int dim = 1
384,"List[Tensor] tensors = [<[1, 92, 14, 14]>, <[1, 92, 14, 14]>]",int dim = 1
385,"List[Tensor] tensors = [<[1, 240, 14, 14]>, <[1, 240, 14, 14]>]",int dim = 1
386,"List[Tensor] tensors = [<[1, 56, 14, 14]>, <[1, 56, 14, 14]>]",int dim = 1
387,"List[Tensor] tensors = [<[1, 336, 14, 14]>, <[1, 336, 14, 14]>]",int dim = 1
388,"List[Tensor] tensors = [<[1, 80, 7, 7]>, <[1, 80, 7, 7]>]",int dim = 1
389,"List[Tensor] tensors = [<[1, 480, 7, 7]>, <[1, 480, 7, 7]>]",int dim = 1
390,"List[Tensor] tensors = [<[1, 1, 224, 224]>, <[1, 1, 224, 224]>, <[1, 1, 224, 224]>]",int dim = 1
391,"List[Tensor] tensors = [<[1, 64, 28, 28]>, <[1, 128, 28, 28]>, <[1, 32, 28, 28]>, <[1, 32, 28, 28]>]",int dim = 1
392,"List[Tensor] tensors = [<[1, 128, 28, 28]>, <[1, 192, 28, 28]>, <[1, 96, 28, 28]>, <[1, 64, 28, 28]>]",int dim = 1
393,"List[Tensor] tensors = [<[1, 192, 14, 14]>, <[1, 208, 14, 14]>, <[1, 48, 14, 14]>, <[1, 64, 14, 14]>]",int dim = 1
394,"List[Tensor] tensors = [<[1, 160, 14, 14]>, <[1, 224, 14, 14]>, <[1, 64, 14, 14]>, <[1, 64, 14, 14]>]",int dim = 1
395,"List[Tensor] tensors = [<[1, 128, 14, 14]>, <[1, 256, 14, 14]>, <[1, 64, 14, 14]>, <[1, 64, 14, 14]>]",int dim = 1
396,"List[Tensor] tensors = [<[1, 112, 14, 14]>, <[1, 288, 14, 14]>, <[1, 64, 14, 14]>, <[1, 64, 14, 14]>]",int dim = 1
397,"List[Tensor] tensors = [<[1, 256, 14, 14]>, <[1, 320, 14, 14]>, <[1, 128, 14, 14]>, <[1, 128, 14, 14]>]",int dim = 1
398,"List[Tensor] tensors = [<[1, 256, 7, 7]>, <[1, 320, 7, 7]>, <[1, 128, 7, 7]>, <[1, 128, 7, 7]>]",int dim = 1
399,"List[Tensor] tensors = [<[1, 384, 7, 7]>, <[1, 384, 7, 7]>, <[1, 128, 7, 7]>, <[1, 128, 7, 7]>]",int dim = 1
400,"List[Tensor] tensors = [<[1, 64, 73, 73]>, <[1, 96, 73, 73]>]",int dim = 1
401,"List[Tensor] tensors = [<[1, 96, 71, 71]>, <[1, 96, 71, 71]>]",int dim = 1
402,"List[Tensor] tensors = [<[1, 192, 35, 35]>, <[1, 192, 35, 35]>]",int dim = 1
403,"List[Tensor] tensors = [<[1, 96, 35, 35]>, <[1, 96, 35, 35]>, <[1, 96, 35, 35]>, <[1, 96, 35, 35]>]",int dim = 1
404,"List[Tensor] tensors = [<[1, 384, 17, 17]>, <[1, 256, 17, 17]>, <[1, 384, 17, 17]>]",int dim = 1
405,"List[Tensor] tensors = [<[1, 384, 17, 17]>, <[1, 256, 17, 17]>, <[1, 256, 17, 17]>, <[1, 128, 17, 17]>]",int dim = 1
406,"List[Tensor] tensors = [<[1, 192, 8, 8]>, <[1, 320, 8, 8]>, <[1, 1024, 8, 8]>]",int dim = 1
407,"List[Tensor] tensors = [<[1, 256, 8, 8]>, <[1, 256, 8, 8]>]",int dim = 1
408,"List[Tensor] tensors = [<[1, 256, 8, 8]>, <[1, 512, 8, 8]>, <[1, 512, 8, 8]>, <[1, 256, 8, 8]>]",int dim = 1
409,"List[Tensor] tensors = [<[1, 1, 1024]>, <[1, 196, 1024]>]",int dim = 1
410,"List[Tensor] tensors = [<[1, 122400, 91]>, <[1, 30600, 91]>, <[1, 7650, 91]>, <[1, 1989, 91]>, <[1, 567, 91]>]",int dim = 1
411,"List[Tensor] tensors = [<[1, 122400, 4]>, <[1, 30600, 4]>, <[1, 7650, 4]>, <[1, 1989, 4]>, <[1, 567, 4]>]",int dim = 1
412,"List[Tensor] tensors = [<[122400, 4]>, <[30600, 4]>, <[7650, 4]>, <[1989, 4]>, <[567, 4]>]",
413,"List[Tensor] tensors = [<[1, 1, 768]>, <[1, 1, 512]>]",int dim = -1
414,"List[Tensor] tensors = [<[1, s0, 768]>, <[1, s0, 512]>]",int dim = -1
415,"List[Tensor] tensors = [<[1, 12, 1, 64]>, <[1, 12, 1, 64]>]",int dim = 2
416,"List[Tensor] tensors = [<[1, 12, s0, 64]>, <[1, 12, 1, 64]>]",int dim = 2
417,"List[Tensor] tensors = [<[1, 5776, 4]>, <[1, 2166, 4]>, <[1, 600, 4]>, <[1, 150, 4]>, <[1, 36, 4]>, <[1, 4, 4]>]",int dim = 1
418,"List[Tensor] tensors = [<[1, 5776, 91]>, <[1, 2166, 91]>, <[1, 600, 91]>, <[1, 150, 91]>, <[1, 36, 91]>, <[1, 4, 91]>]",int dim = 1
419,"List[Tensor] tensors = [<[5776, 2]>, <[5776, 2]>]",int dim = 1
420,"List[Tensor] tensors = [<[2166, 2]>, <[2166, 2]>]",int dim = 1
421,"List[Tensor] tensors = [<[36, 2]>, <[36, 2]>]",int dim = 1
422,"List[Tensor] tensors = [<[4, 2]>, <[4, 2]>]",int dim = 1
423,"List[Tensor] tensors = [<[5776, 4]>, <[2166, 4]>, <[600, 4]>, <[150, 4]>, <[36, 4]>, <[4, 4]>]",
424,"List[Tensor] tensors = [<[8732, 2]>, <[8732, 2]>]",int dim = -1
425,"List[Tensor] tensors = [<[1, 28, 28, 128]>, <[1, 28, 28, 128]>, <[1, 28, 28, 128]>, <[1, 28, 28, 128]>]",int dim = -1
426,"List[Tensor] tensors = [<[1, 14, 14, 256]>, <[1, 14, 14, 256]>, <[1, 14, 14, 256]>, <[1, 14, 14, 256]>]",int dim = -1
427,"List[Tensor] tensors = [<[1, 7, 7, 512]>, <[1, 7, 7, 512]>, <[1, 7, 7, 512]>, <[1, 7, 7, 512]>]",int dim = -1
428,"List[Tensor] tensors = [<[1, 28, 28, 96]>, <[1, 28, 28, 96]>, <[1, 28, 28, 96]>, <[1, 28, 28, 96]>]",int dim = -1
429,"List[Tensor] tensors = [<[1, 14, 14, 192]>, <[1, 14, 14, 192]>, <[1, 14, 14, 192]>, <[1, 14, 14, 192]>]",int dim = -1
430,"List[Tensor] tensors = [<[1, 7, 7, 384]>, <[1, 7, 7, 384]>, <[1, 7, 7, 384]>, <[1, 7, 7, 384]>]",int dim = -1
431,"List[Tensor] tensors = [<[1, 32, 32, 128]>, <[1, 32, 32, 128]>, <[1, 32, 32, 128]>, <[1, 32, 32, 128]>]",int dim = -1
432,"List[Tensor] tensors = [<[1, 16, 16, 256]>, <[1, 16, 16, 256]>, <[1, 16, 16, 256]>, <[1, 16, 16, 256]>]",int dim = -1
433,"List[Tensor] tensors = [<[1, 8, 8, 512]>, <[1, 8, 8, 512]>, <[1, 8, 8, 512]>, <[1, 8, 8, 512]>]",int dim = -1
434,"List[Tensor] tensors = [<[1, 32, 32, 96]>, <[1, 32, 32, 96]>, <[1, 32, 32, 96]>, <[1, 32, 32, 96]>]",int dim = -1
435,"List[Tensor] tensors = [<[1, 16, 16, 192]>, <[1, 16, 16, 192]>, <[1, 16, 16, 192]>, <[1, 16, 16, 192]>]",int dim = -1
436,"List[Tensor] tensors = [<[1, 8, 8, 384]>, <[1, 8, 8, 384]>, <[1, 8, 8, 384]>, <[1, 8, 8, 384]>]",int dim = -1
437,"List[Tensor] tensors = [<[1, 16, 1, 64]>, <[1, 16, 1, 64]>]",int dim = 2
438,"List[Tensor] tensors = [<[1, 16, s0, 64]>, <[1, 16, 1, 64]>]",int dim = 2
439,"List[Tensor] tensors = [<[1, 8, 1, 64]>, <[1, 8, 1, 64]>]",int dim = 2
440,"List[Tensor] tensors = [<[1, 8, s0, 64]>, <[1, 8, 1, 64]>]",int dim = 2
441,"List[Tensor] tensors = [<[1, 1, 1280]>, <[1, 1369, 1280]>]",int dim = 1
442,"List[Tensor] tensors = [<[1, 1, 1024]>, <[1, 49, 1024]>]",int dim = 1
